1	Conditions d’immatriculation 
2	à l’Université de Genève 
4	Haut du document
7	Ces conditions d’immatriculation ne sont valables que pour l’année académique 2026-2027. Elles sont publiées en janvier pour l’année académique qui débute en septembre 2026. Le Rectorat de l’Université de Genève se réserve le droit de les modifier à tout moment. 
8	Ce document s’adresse aux candidates et candidats à l’immatriculation à l’Université de Genève (ci-après « UNIGE »). Toute personne ayant déjà été immatriculée comme étudiante régulière ou étudiant régulier par le passé doit effectuer une demande de réimmatriculation en suivant la procédure et les délais indiqués en ligne : 
11	Table des matières 
14	INSCRIPTION EN BACCALAUREAT UNIVERSITAIRE (
15	BACHELOR
17	 OU AU 
18	DIPLOME D’
19	ETUDES DE FRANÇAIS LANGUE ETRANGERE 
20	(DEFLE)................. 5
22	CONDITIONS GENERALES D’
23	IMMATRICULATION
26	Titulaires d’un diplôme suisse ................................................................ 5
28	Titulaires d’un Baccalauréat international ou d’un 
29	Baccalauréat européen................................................................................................. 6
31	Titulaires d’un diplôme secondaire supérieur étranger .............. 7
33	Candidates et candidats dépourvus d’un titre secondaire 
34	supérieur reconnu ......................................................................................................... 23
35	INSCRIPTION EN MAITRISE UNIVERSITAIRE (
38	 EN COMPLEMENT D’ ETUDES OU EN CERTIFICAT COMPLEMENTAIRE
43	INSCRIPTION EN CERTIFICAT DE SPECIALISATION ,
44	 MAITRISE UNIVERSITAIRE D’ ETUDES AVANCEES OU DOCTORAT
49	CONDITIONS PARTICULIERES  .............................................................. 26
51	FACULTE DE MEDECINE
54	Médecine humaine .................................................................................... 26
56	Médecine dentaire ..................................................................................... 26
58	FACULTE DE TRADUCTION ET D’
59	INTERPRETATION
62	PROCEDURE DE DEMANDE D’
65	PROCEDURES PARTICULIERES  ............................................................ 32
67	FACULTE DES SCIENCES
70	Pour l’immatriculation en 
71	doctorat
76	Baccalauréat universitaire en 
77	médecine humaine ou dentaire
80	Pour l’immatriculation en M
81	aîtrise universitaire en 
82	médecine dentaire ou humaine
84	Pour l’immatriculation en
85	 doctorat
87	maîtrise universitaire d’études 
88	avancées
91	FACULTE DES LETTRES
96	FACULTE DES SCIENCES DE LA SOCIETE
100	FACULTE D’
101	ECONOMIE ET MANAGEMENT
104	Pour l’immatriculation à un
107	FACULTE DE DROIT
112	FACULTE DE THEOLOGIE
115	Pour l’immatriculation au 
116	Certificat complémentaire 
117	d’études œcuméniques
118	 et à la 
119	Maîtrise d’études avancées en études 
120	œcuméniques
124	FACULTE DE PSYCHOLOGIE ET DES SCIENCES DE L’
125	EDUCATION
128	Pour l’immatriculation à la 
129	Maîtrise universitaire en 
130	logopédie
133	Pour l’immatriculation à un 
140	STUDIES 
141	INSTITUTE
146	INSTITUT UNIVERSITAIRE DE FORMATION DES ENSEIGNANT-ES
149	DELAIS D’
150	INSCRIPTION
153	POUR LES BACCALAUREATS UNIVERSITAIRES
156	Semestre d’automne 2026-2027 ......................................................... 36
158	Délai général.......................................................................................................... 36
160	Délai spécifique .................................................................................................... 36
162	Faculté de théologie .................................................................................. 36
164	Délai pour procédures particulières .......................................................... 36
166	Faculté de médecine ................................................................................. 36
168	Semestre de printemps 2027 ................................................................. 37
170	POUR LES MAITRISES UNIVERSITAIRES
172	 COMPLEMENTS D’
173	ETUDES ET 
174	CERTIFICATS COMPLEMENTAIRES
177	Semestre d’automne 2026-2027 .......................................................... 38
179	Délai général ......................................................................................................... 38
181	Délais spécifiques ............................................................................................... 38
183	Faculté des sciences ................................................................................. 38
185	Faculté de médecine ................................................................................. 38
187	Faculté des sciences de la société ...................................................... 38
189	Faculté d’économie et de management........................................... 38
191	Faculté de psychologie et des sciences de l’éducation ............ 38
193	Faculté de traduction et d’interprétation ...................................... 39
195	Global Studies Institute ........................................................................... 39
197	Institut de la formation des enseignant-es .................................... 39
199	Institut des sciences de l’environnement ...................................... 39
201	Délais pour procédures particulières ....................................................... 39
203	Faculté de médecine ................................................................................. 39
205	Faculté de théologie ................................................................................. 39
207	Semestre de printemps 2027 ................................................................. 40
209	Délai général ......................................................................................................... 40
211	POUR LES DOCTORATS
214	POUR LES CERTIFICATS DE SPECIALISATION
217	Délai général ............................................................................................... 41
219	Semestre d’automne 2026-2027 ................................................................. 41
221	Délais spécifiques ............................................................................................... 41
223	Institut universitaire de formation des enseignant-es ............ 41
225	Semestre de printemps 2027 ........................................................................ 41
227	Délais pour procédures particulières ................................................ 41
230	Faculté des sciences ................................................................................. 42
232	POUR LES MAITRISES UNIVERSITAIRES D’
233	ETUDES AVANCEES
236	Délai général ............................................................................................... 42
238	Semestre d’automne 2026-2027 ................................................................. 42
240	Semestre de printemps 2027 ........................................................................ 42
242	Délai spécifique .......................................................................................... 42
245	Faculté de médecine ................................................................................. 42
247	EXIGENCES DE FRANÇAIS  .................................................................. 43
249	CONVOCATION A L’
253	DATES DE L’
256	FRAIS D’
259	DUREE STRUCTURE ET MODELES D’
260	EXAMENS
263	RESULTATS
266	EN CAS D’
267	ECHEC A L’
268	EXAMEN A VALEUR ELIMINATOIRE
271	EXAMEN A VALEUR INDICATIVE
274	DISPENSE DE L’
275	EXAMEN DE FRANÇAIS
278	FORMATIONS QUI NE REQUIERENT PAS D’
279	EXIGENCE DE FRANÇAIS
282	Faculté des sciences .................................................................................. 45
284	Faculté de médecine ................................................................................. 45
286	Faculté des lettres ..................................................................................... 45
288	Faculté des sciences de la société ........................................................ 46
290	Faculté d’économie et de management ............................................ 46
292	Faculté de théologie ................................................................................. 46
294	Faculté de psychologie et des sciences de l’éducation ................ 46
296	Global Studies Institute ........................................................................... 46
298	Institut universitaire de la formation des enseignant-es .......... 46
300	Institut des sciences de l’environnement ......................................... 46
302	DEFINITIONS /
303	EXPLICATIONS  ............................................................. 47
305	DEFINITION DU CARACTERE DE FORMATION GENERALE
308	EXAMEN COMPLEMENTAIRE DES HAUTES ECOLES SUISSES –
312	UNIVERSITES ET PROGRAMMES RECONNUS
315	Établissement d’enseignement supérieur reconnus par 
316	l’UNIGE : 50
318	Programmes d’établissement d’enseignement supérieur 
319	reconnus par l’UNIGE : ............................................................................................... 50
321	TITRES NON RECONNUS
324	Diplômes secondaires .............................................................................. 51
326	Diplômes/examens/formations post-secondaires (ou 
327	assimilés) : ....................................................................................................................... 51
329	ATTESTATION D’
330	ADMISSION
333	Particularités facultaires ....................................................................... 52
335	FORMATIONS OUVERTES AU SEMESTRE DE PRINTEMPS 2027 ........... 53
337	FACULTE DES SCIENCES  .......................................................... 53
339	FACULTE DE MEDECINE  ........................................................... 53
341	FACULTE DES LETTRES  ............................................................ 53
343	ÉCOLE DE LANGUE ET DE CIVILISATION FRANÇAISES  .................. 53
345	FACULTE DES SCIENCES DE LA SOCIETE  ................................... 53
347	ECONOMIE ET DE MANAGEMENT
350	FACULTE DE DROIT  .................................................................. 54
358	CENTRE INTERFACULTAIRE DES DROITS DE L’
364	INSTITUT UNIVERSITAIRE DE LA FORMATION DES ENSEIGNANT-ES
367	INSTITUT DES SCIENCES DE L’
368	ENVIRONNEMENT
371	SERVICE DES IMMATRICULATIONS  :
372	 CONTACT
375	Inscription en baccalauréat universitaire (bachelor) ou au Di-
376	plôme d’études de français langue étrangère (DEFLE) 
378	Conditions générales d’immatriculation 
380	Titulaires d’un diplôme suisse 
381	Les titres suivants donnent accès, en principe, à toutes les facultés/insti-
382	tuts/centres/école (ci-après « facultés ») de l’UNIGE : 
384	Certificat de maturité gymnasiale (cantonal) ; 
385	Certificat de maturité suisse (maturité dite « fédérale » organisée 
386	par la Commission suisse de maturité - CMS) ; 
387	Maturité professionnelle, accompagnée du certificat d’examen 
388	complémentaire dit « examen passerelle » ; 
389	Maturité spécialisée, accompagnée du certificat d’examen com-
390	plémentaire dit « examen passerelle » ; 
391	Baccalauréat universitaire (bachelor) délivré par l’une des 
392	hautes 
393	écoles suisses reconnues
394	De plus, les titulaires d’une maturité professionnelle ou spécialisée ayant 
395	obtenu au moins 60 crédits à la HES-SO dans un délai maximum de 2 
396	ans sont immatriculables à l’UNIGE à condition : 
397	de ne pas se trouver dans une situation d’échec définitif dans la 
398	filière HES concernée ; et  
399	que l’accès s’effectue dans le cadre d’une branche d’études com-
400	parable selon le protocole d'accord CUSO-HES-SO (2007)
401	 et 
402	son avenant (2012)
403	Si aucune des conditions ci-dessus n’est remplie, un premier diplôme uni-
404	versitaire obtenu dans une 
405	université et un programme reconnus
406	 par 
407	l’UNIGE (voir partie 9.3
408	 permet l’immatriculation. Une procédure particu-
409	lière pour les 
410	non titulaires d’un titre secondaire supérieur suisse reconnu
411	est possible dans certains cas et selon certains critères (voir partie 1.1.4). 
412	La Faculté de médecine requiert des 
413	conditions particulières d’admission
414	(voir partie 4.1) et une 
415	procédure supplémentaire à suivre
416	 (voir partie 
420	La Faculté de traduction et d’interprétation requiert également des 
421	 (voir partie 4.2). 
422	Pour toutes les formations, la 
423	procédure d’immatriculation
424	 (voir partie 5) doit avoir été suivie 
425	dans les délais
426	 (voir partie 7.1).  
427	Les candidates et candidats doivent satisfaire aux exigences de français, si elles sont demandées (
428	voir partie 8
430	Les conditions d’admission régies par le règlement d’étude de la formation postulée doivent être remplies. Le règlement d’études est téléchargeable sur le site internet de la faculté/centre/institut de la formation envisagée. 
434	Titulaires d’un Baccalauréat international ou d’un Baccalauréat 
435	européen 
436	Les diplômes de Baccalauréat international et de Baccalauréat européen 
437	doivent présenter, en autres, un 
438	caractère de formation générale
439	 (voir par-
440	tie 9.1). 
441	En sus, le Baccalauréat international doit : 
442	avoir été suivi de manière continue durant les deux dernières an-
443	nées du diplôme ; 
444	comporter trois examens en option forte, dont un sujet en 
445	sciences (mathématiques, chimie, biologie ou physique) et trois 
446	examens en option moyenne, parmi les branches suivantes: 
447	toutes les langues (excepté langue et littérature théâtrale), éco-
448	nomie et gestion des entreprises, gestion des entreprises, géo-
449	graphie, histoire, philosophie, biologie, chimie, physique, informa-
450	tique, mathématiques : applications et interprétation (niveaux 
451	moyen ou supérieur), mathématiques : analyse et approches (ni-
452	veaux moyen ou supérieur) ; 
453	avoir au minimum 32 points, sans les points de bonification. 
454	En sus, le Baccalauréat européen doit avoir été suivi de manière continue 
455	durant les trois dernières années du diplôme. 
456	l’UNIGE (voir partie 9.3) permet l’immatriculation. Une procédure particu-
457	condi-
458	tions particulières d’admission
459	 (voir partie 5) 
460	doit avoir été suivie 
461	Les candidates et candidats doivent satisfaire aux 
462	exigences de français
463	, si elles sont demandées (voir partie 8). 
465	Titulaires d’un diplôme secondaire supérieur étranger 
466	Le diplôme secondaire étranger doit : 
467	présenter, dans le pays qui le délivre, le degré le plus élevé 
468	d'études secondaires ou gymnasiales ; 
469	donner un accès général, dans le pays qui le délivre, aux études 
470	universitaires ; 
471	avoir été acquis au cours d'une formation non abrégée, en géné-
472	ral accomplie au sein d'une école ; 
473	porter sur les langues anciennes, les langues modernes, les ma-
474	thématiques, les sciences naturelles ou les sciences humaines et 
475	sociales ; 
476	avoir été délivré par l'État ou, éventuellement, par une institution 
477	reconnue par l'État qui l'a autorisée à délivrer ce type de diplôme ; 
478	avoir un 
479	 (voir partie 9.1). 
480	Dans certains cas, afin de garantir une meilleure équivalence, l'UNIGE 
481	peut fixer des exigences/conditions complémentaires, en plus de l'obten-
482	tion du diplôme, d’une filière spécifique du diplôme, ou du caractère de 
483	formation générale du diplôme. Ces exigences peuvent être :  
484	l’obtention d’une moyenne spécifique et/ou d'une mention. Si le 
485	diplôme de fin d’études secondaires ne comporte pas de 
486	moyenne générale obtenue après un examen final, la moyenne 
487	est calculée sur la base des notes obtenues au cours des trois 
488	dernières années d’études secondaires supérieures ;  
489	l’obtention d'une 
490	attestation d’admission
491	, dans la filière visée, 
492	d'une université reconnue par l’UNIGE (voir partie 9.5) dans le 
493	pays de délivrance du titre secondaire. Seule une attestation avec 
494	une admission pour la même année de postulation qu’à l’UNIGE 
495	est acceptée. Une attestation pour des études à distance ne peut 
496	pas être prise en compte ; 
497	la réussite de deux années d’études universitaires (120 crédits 
498	ECTS) dans une 
499	l’UNIGE (voir partie 9.3) dans un pays ayant signé ou ratifié la 
500	Convention de Lisbonne
502	la réussite de 
503	l’Examen complémentaire des hautes écoles 
504	suisses (ECUS)
505	 (voir partie 9.2) ; 
507	la réussite de l’examen de français organisé par l’UNIGE (voir 
508	partie 8). 
509	Le titre exact demandé, avec la précision de la/les filière(s) reconnue(s) 
510	ainsi que les éventuelles exigences complémentaires figurent, par pays, 
511	dans la liste ci-après. Il est entendu que le caractère de formation géné-
512	rale doit être rempli pour chaque diplôme d’études secondaires. 
513	Si les conditions d’immatriculation ci-dessus ne sont pas remplies, un pre-
514	mier diplôme universitaire obtenu dans une 
515	université et un programme 
516	reconnus
517	 par l’UNIGE (voir partie 9.3) permet l’immatriculation. Une pro-
518	cédure particulière pour les 
519	non titulaires d’un titre secondaire supérieur 
520	suisse reconnu
521	 est possible dans certains cas et selon certains critères 
522	(voir partie 1.1.4). Alternativement, un examen suisse (ou cantonal) com-
523	plet de maturité peut être passé. 
524	De manière générale, les anciens certificats de fin d’études secondaires 
525	sont évalués selon les conditions d’immatriculation actuelles. 
527	si elles sont demandées (voir partie 8). 
528	Les conditions d’admission régies par le règlement d’étude de la formation 
529	postulée doivent être remplies. Le règlement d’études est téléchargeable 
530	sur le site internet de la faculté/centre/institut de la formation envisagée. 
531	Pays 
532	Nom du diplôme 
533	Conditions complémentaires 
534	Moyenne 
535	Autres conditions 
536	Examens 
537	Afghanistan 
538	Baccalauria / 12
539	th 
540	Grade Graduation Certificate 
542	Afrique du Sud 
543	National Senior Certificate (NSC) 
544	60% (rating grade 5) 
545	Albanie 
546	Diplomë e maturës shtetërore 
547	Attestation d'admission, dans la filière visée, d’
548	une université reconnue
549	par l’UNIGE en Albanie 
550	Examen de français
551	Algérie 
552	Baccalauréat d’enseignement secondaire général (fi-
553	lières littéraires et scientifiques) 
555	Allemagne 
556	Zeugnis der allgemeinen Hochschulreife 
558	Si moyenne non obtenue : attestation d'admission, dans la filière visée, 
559	d’
560	 par l’UNIGE en Allemagne 
561	Angola 
562	er
563	 diplôme universitaire obtenu dans une 
564	université et 
565	un programme reconnus
566	Arabie Saoudite 
567	Argentine 
568	Bachiller 
570	Arménie 
571	Dès 2018 :
572	 Mijnakarg krtutyan Atestat 
573	 par l’UNIGE en Arménie 
574	Jusqu’en 2017 :
575	 Mijnakarg (Iriv) krtutyan Atestat 
576	Deux années d’études réussies (120 crédits ECTS) dans une 
577	université et un programme reconnus par l’UNIGE
578	 dans un pays ayant signé ou ratifié la 
579	. Si les deux années d’études n’ont pas été faites dans la filière visée à l’UNIGE, une attestation d’admission dans la filière visée d’une université reconnue par l’UNIGE en Arménie est exigée. 
580	Australie 
581	Australian Capital-Territory:
582	ACT Senior Secondary 
583	Certificate / 
584	New South Wales:
585	Higher School Certifi-
586	cate (HSC) / 
587	Queensland: 
588	Queensland Certificate of 
589	Education (QCE) / 
590	South Australia:
591	South Australian 
592	Certificate of Education (SACE) / 
593	Tasmania:
594	 Tasma-
595	nian Certificate of Education (TCE) / 
596	Victoria:
597	 Victorian 
598	Certificate of Education (VCE) / 
599	Western Australia: 
600	Western Australian Certificate of Education (WACE) 
601	université 
602	et un programme reconnus par l’UNIGE
603	 dans un pays ayant signé ou ra-
604	tifié la 
605	. Si les deux années d’études n’ont pas été 
606	faites dans la filière visée à l’UNIGE, une attestation d’admission dans la 
607	filière visée d’une université reconnue par l’UNIGE en Australie est exi-
608	gée. 
609	Northern Territory:
610	Northern Territory Certificate of 
611	Education and Training (NTCET) 
612	l’UNIGE en Australie 
613	Autriche 
614	Reifezeugnis einer allgemeinbildenden höheren Schule 
615	(AHS)
616	Azerbaïdjan
617	Orta tahsil haqquinda attestat
618	filière visée d’une université reconnue par l’UNIGE en Azerbaïdjan est exi-
619	gée.
620	Bahreïn 
621	Shahadat Al-Thanawaya Al-Aama (General Secondary 
622	Education Certificate) (literary track / scientific track) 
624	Bangladesh 
625	Belgique 
626	Certificat d’enseignement secondaire supérieur (CESS) 
627	Diploma van secundair onderwijs 
628	Abschlusszeugnis der Oberstufe des Sekundarunter-
629	richts
630	Bénin 
631	Baccalauréat de l’Enseignement du Second Degré (sé-
632	rie A1 lettres – langues / série A2 lettres – sciences hu-
633	maines / Série B lettres – sciences sociales / Série C 
634	sciences et techniques / Série D biologie – géologie) 
635	Bhoutan 
636	Biélorussie 
637	Atestat ab agulnaj sjarednjaj adukacyi 
638	Attestat o sredenem obrazovanii 
639	filière visée d’une université reconnue par l’UNIGE en Biélorussie est exi-
640	Bolivie 
641	Bachiller en humanidades 
643	Bosnie-et-Herzégo-
644	vine 
645	Matura 
646	Diploma 
647	o  
648	Zavrzenoj 
649	Skoli 
650	(précédemment : 
651	Svjedodzba o Zavarsenom Obrazovanju IV Stepen) 
652	Diploma o Polozenom Maturskom Ispitu 
653	Attestation d’admission, dans la filière visée, d’
654	l’UNIGE en Bosnie-et-Herzégovine 
655	Botswana 
656	Brésil 
657	Certificado de conclusão do ensino médio 
659	Bulgarie 
660	Diploma za (Zavarsheno) Sredno Obrazovanie (orien-
661	tation académique générale) 
662	l’UNIGE en Bulgarie 
664	Burkina Faso
665	Dès 2021 : 
666	Baccalauréat de l’Enseignement du Second 
667	Degré (Série C mathématiques et sciences physiques / 
668	Série D mathématiques et sciences de la nature) 
669	Avant 2021 : 
670	Baccalauréat de l’Enseignement du Se-
671	cond Degré (Série A philosophie – lettres / Série C ma-
672	thématiques et sciences physiques / Série D mathéma-
673	tiques et sciences naturelles)
675	Burundi 
676	Dès 2021 :
677	 Diplôme d’État 
678	Diplôme des Humanités Générales + Di-
679	plôme d’État 
680	Dès 2021 : 60% 
681	Avant 2021 : 60% au Di-
682	Cambodge 
683	Certificate of Upper Secondary Education
684	C ou 30/50 
685	Cameroun 
686	Système francophone :
687	 Baccalauréat de l’enseigne-
688	ment secondaire (Série A lettres-philosophie / C mathé-
689	matiques et sciences physiques / D mathématiques et 
690	sciences de la vie et terre) 
691	Système anglophone :
693	 diplôme universitaire ob-
694	tenu dans une 
695	Canada 
696	Alberta :
697	 Alberta High School Diploma comprenant 6 
698	sujets de 
699	formation générale
700	, aux grades 10, 20 et 30
701	par l’UNIGE au Canada 
702	British Columbia : 
703	British Columbia Certificate of Gra-
704	duation – Dogwood Diploma comprenant 6 sujets de 
705	, aux grades 10, 11 et 12.
706	Labrador : 
707	High School Diploma comprenant 6 sujets 
708	de 
709	, aux grades 10, 11 et 12 dont un 
710	niveau « académique » ou « avancé » avec le code de 
711	matière 3xxx en grade 12.
712	Manitoba :
713	 High School Diploma comprenant 6 sujets 
714	 aux grades 10, 11 et 12 dont un 
715	niveau « spécialisé » avec le code de matière 40S en 
716	grade 12
717	New Brunswick :
718	 High School Graduation Diploma 
719	comprenant 6 sujets indépendants de 
720	formation géné-
721	rale
722	Newfoundland :
723	comprenant 6 sujets de 
724	, aux grades 
725	10, 11 et 12 dont un niveau « académique » ou 
726	« avancé » avec le code de matière 3xxx en grade 12.
728	Canada
729	 (suite)
730	Northwest Territories :
731	 High School Graduation Di-
732	ploma comprenant 6 sujets de 
733	, aux 
734	grades 10, 20 et 30 
735	par l’UNIGE au Canada
736	Nova Scotia : 
737	High School Completion Certificate com-
738	prenant 6 sujets de 
739	, aux grades 10, 
740	11 et 12 dont un niveau « académique » ou « avancé » 
741	en grade 12.
742	Nunavut :
743	 Nunavut Senior Secondary Schoool Gradua-
744	tion Diploma comprenant 6 sujets de 
745	Ontario :
746	 Ontario Secondary School Diploma (OSSD) 
747	10, 11 et 12 dont un niveau « préparation universitaire » 
748	avec le code de matière xxx4Ux en grade 12 
749	une université recon-
750	nue
751	 par l’UNIGE au Canada 
752	Prince Edward Island :
753	 Prince Edward High School 
754	Graduation Diploma comprenant 6 sujets de 
755	formation 
756	générale
757	, aux grades 10, 11 et 12 dont un niveau « aca-
758	démique » avec le code de matière 6xx en grade 12 
759	Québec :
760	 Diplôme d’études collégiales (D.E.C.) préuni-
761	versitaire de 
762	par l’UNIGE au Canada  
763	Saskatchewan :
764	Record 
765	of 
766	Secondary 
767	Level 
768	Achievement (Transcript) for complete Grade 12 stan-
769	ding comprenant 6 sujets de 
770	grades 10, 11 et 12 
771	Yukon :
772	 British Columbia Certificate of Graduation – 
773	Dogwood Diploma comprenant 6 sujets de 
774	, aux grades 10, 11 et 12 
775	Cap-Vert 
776	Chili 
777	Chine 
778	Chypre (République 
779	de) 
780	Apolytirio Lykeio 
781	par l’UNIGE à Chypre. Attestation d'admission, dans la filière visée, 
782	 par l’UNIGE en République de Chypre 
784	Chypre (Nord) 
785	Lise diplomasi 
786	univer-
787	sité et un programme reconnus par l’UNIGE
788	 dans un pays ayant signé 
789	ou ratifié la 
790	. Si les deux années d’études 
791	n’ont pas été faites dans la filière visée à l’UNIGE, une attestation 
792	d’admission dans la filière visée d’une université reconnue par 
793	l’UNIGE à Chypre Nord est exigée
794	Colombie
795	université et un 
796	programme reconnus
797	Congo 
798	(République 
799	démocratique du) 
800	Diplôme d’État d’Études Secondaires du Cycle Long (sections scientifique, littéraire ou pédagogique) 
802	du – Brazzaville) 
803	Baccalauréat de l’Enseignement du Second Degré 
804	Baccalauréat général 
805	Corée du Nord 
806	Corée du Sud 
807	High School Certificate of Graduation 
808	C (Mi) 
809	par l’UNIGE en Corée du Sud 
810	Costa Rica 
811	Côte d’Ivoire 
812	Diplôme du Bachelier de l’Enseignement du Second De-
813	gré 
814	Croatie 
815	Svjedodžba o državnoj maturi 
816	 par l’UNIGE en Croatie 
817	Cuba 
818	Bachiller, Ciencias y Letras 
819	Bachiller, nivel medio superior de la Educación General Politécnica Laboral + Certificación de Estudios Terminado 
820	Danemark 
821	Bevis for Studentereksamen (stx) 
822	 par l’UNIGE au Danemark 
823	Djibouti 
824	Bacclauréat général de l’enseignement secondaire, série 
825	Scientifique 
826	Égypte 
827	Thanaweya a’Amma (General Secondary Education Cer-
828	tificate GSEC) 
829	El Salvador 
830	Émirats arabes unis 
831	Shahadat Al-Thanaweya Al-Amma (Secondary School 
832	Leaving Certificate - General) 
833	Équateur 
834	Bachillerato General Unificado (Bachillerato en Ciencias) 
837	Érythrée 
838	Espagne
839	Bachillerato (Modalidad de Ciencias) 
840	NB : Pour la Faculté de traduction et d’interprétation, 
841	voir partie 4.2
842	l’UNIGE en Espagne est exigée.
843	Estonie 
844	Gümnaasiumi lõputunnistus + Riigieksamitunnistus 
845	par l’UNIGE en Estonie 
846	Eswatini 
847	États-Unis d’Amé-
848	rique 
849	High School Diploma avec 6 Advanced Placement (AP) 
850	Ne sont notamment pas reconnus : Art and Design pro-
851	gram, Art History, Environmental Science, Music 
852	Theory, Psychology, Statistics, Studio Art, Comp. Gov-
853	ernment and Politics, US Government and Politics. 
854	Note 
855	minimum 
856	pour 
857	chaque AP Exams : 3 
858	Éthiopie 
859	Finlande
860	Lukion Päättötodistus + Ylioppilastutkintotodistus (Cer-
861	tificat de fin d’études gymnasiales + Matriculation Exa-
862	mination Certificate) de 
863	 avec au 
864	moins 20 points de crédit en mathématiques, 14 points 
865	de crédit pour chacune en langues et au moins 10 
866	points de crédit dans chaque autre matière 
867	par l’UNIGE en Finlande 
868	France 
869	Baccalauréat général de 
870	spécialité mathématiques en première et spécia-
871	lité mathématiques ou option mathématique com-
872	plémentaire en terminale 
873	spécialité sciences de la vie et de la Terre ou phy-
874	sique-chimie en première et en terminale 
875	Baccalauréat général des séries L, S, ES 
876	Lorsque la moyenne exigée n’est pas atteinte, elle peut 
877	être compensée par deux années d’études (obtention 
878	de L2 – 120 crédits ECTS dans une 
879	tifié la Convention de Lisbonne) 
881	Gabon 
882	Diplôme de Bachelier de l’Enseignement du Second 
883	Degré/Baccalauréat (Série A, B, C et D)
884	Gambie 
885	West African Senior School Certificate   
886	Senior Secondary School Certificate 
887	(West African Examinations Council)  
888	B3 pour chaque branche 
889	Géorgie 
890	Sruli zogadi ganatlebis atestati 
891	par l’UNIGE en Géorgie 
892	Ghana 
893	West African Senior School Certificate Examination 
894	(WASSCE) 
895	3 pour chaque branches 
896	Grèce 
897	Apolytirio Genikoy Lykeioy 
898	par l’UNIGE en Grèce 
899	Guatemala 
900	Guinée 
901	Baccalauréat unique 
902	Haïti 
903	Diplôme d’études secondaires, baccalauréat unique, 
904	séries Sciences de la Vie et de la Terre (SVT) / 
905	Sciences Mathématiques et Physiques (SMP) / 
906	Sciences Économiques et Sociales (SES) Littéraire, 
907	Lettres et Arts (LLA) 
908	Honduras 
909	Hong Kong 
910	Hong Kong Diploma of Secondary Education (HKDSE) 
911	3 pour chaque branche 
912	(ou C pour une langue 
913	choisie dans la catégorie 
914	C) 
915	par l’UNIGE à Hong Kong 
916	Hongrie 
917	Gimnáziumi érettségi bizonyítvány 
918	par l’UNIGE en Hongrie 
919	Inde 
920	Indonésie 
921	Irak 
923	Iran 
924	Dès 2019 : 
925	 Diplom Metevaseth theoretical branch 
926	(mathematics and physics/experimental sciences)  
927	Avant 2019 :
928	 Diplom Metevaseth, theoretical branch 
929	(mathematics and physics/experimental sciences) + 
930	Pre-University Certificate 
931	12/20 (General Average) 
932	Irlande 
933	Leaving Certificate (Ardteistiméireacht) comprenant au 
934	moins 6 sujets de 
935	 dont 3 Higher Le-
936	vel (dont un Higher Level en mathématiques, biologie, 
937	chimie ou physique) 
938	H5/O5 pour chaque sujet 
939	 dans un pays ayant si-
940	gné ou ratifié la 
941	. Si les deux années 
942	d’études n’ont pas été faites dans la filière visée à l’UNIGE, une at-
943	testation d’admission dans la filière visée d’une université reconnue 
944	par l’UNIGE en Irlande est exigée. 
945	Islande 
946	Studentsprof 
947	 par l’UNIGE en Islande 
948	Israël 
949	Teudat Bagrut (publié par le Ministère de l’Éducation) 
950	 par l’UNIGE en Israël 
951	Italie 
952	Diploma di istruzione secondaria superiore del Liceo 
953	classico, Liceo linguistico, Liceo scientifico, Liceo 
954	scientifico (opzione scienze applicate), Liceo delle 
955	scienze umane, Liceo delle scienze umane (opzione 
956	economico-sociale) 
957	Jamaïque 
958	Japon 
959	Koto Gakko Sotsugyo Shomeil-sho (general course) 
961	par l’UNIGE au Japon 
962	Jordanie 
963	Kazakhstan 
964	Orta bilim turaly attestat 
965	par l’UNIGE au Kazakhstan est exigée. 
966	Kenya 
967	Kenya Certificate of Secondary Education (KCSE) 
969	Kirghizistan 
970	Dschalpi orto bilim dschönündö attestat 
971	Attestat o srednem obscem obrazovani 
972	l’UNIGE au Kirghizistan est exigée. 
974	Kosovo 
975	Diplomë për kryerjen e shkollës së mesme të lartë-
976	gjimnazit  
977	Diploma o zavrsenoj visoj srednjoj skoli-gimaziji 
978	par l’UNIGE au Kosovo 
979	Koweït 
980	Laos 
981	Lesotho 
982	Lettonie 
983	Atestāts par vispārējo vidējo izglītību 
984	par l’UNIGE en Lettonie 
985	Liban 
986	Baccalauréat libanais  
987	Liberia 
988	Libye 
989	Lichtenstein 
990	Liechtensteinischer Maturitätausweis  
991	Lituanie 
992	Brandos Atestatas  
993	par l’UNIGE en Lituanie est exigée. 
994	Luxembourg 
995	Diplôme de fin d’études secondaires classiques  
996	Macao 
997	Macédoine du Nord 
998	Diploma za polozena drzavna maturo = Diplomë për 
999	dhënien e maturës shtetërore (4 ans)  
1000	 par l’UNIGE en Macédoine du Nord 
1001	Madagascar 
1002	Baccalauréat de l’Enseignement Secondaire (série A 
1003	philosophie – lettres / Série C mathématiques et 
1004	sciences physiques / Série D mathématiques et 
1005	sciences naturelles)  
1006	Malaisie 
1007	Malawi 
1009	Mali 
1010	Malte 
1011	Matriculation Certificate   
1012	par l’UNIGE à Malte est exigée. 
1013	Maroc 
1014	Baccalauréat 
1015	(séries 
1016	sciences 
1017	expérimentales 
1019	sciences mathématiques / lettres)  
1020	Mauritanie 
1021	Mexique 
1022	Bachillerato General (Educación media superior prope-
1023	déutica)  
1024	Moldavie 
1025	Invatamintul liceal / Diploma de bacalaureat  
1026	 par l’UNIGE en Moldavie 
1027	Mongolie 
1028	Buren dund Bolvsrolyn unemelkh 
1030	Monténégro 
1031	Diploma o polozenom maturskom ispitu 
1032	Diplomë për dheniën e provimit të maturës 
1033	 par l’UNIGE au Monténégro 
1034	Mozambique 
1035	Myanmar 
1036	Namibie 
1037	Népal 
1038	Nicaragua 
1039	Niger 
1040	Degré 
1041	Nigéria 
1042	Senior School Certificate (conféré par NECO) 
1043	African Senior School Certificate (conféré par WAEC) 
1044	Norvège 
1045	Vitnemal for videregaende opplaering avec mention “og 
1046	har oppnadd generell studiekompetanse” 
1047	par l’UNIGE en Norvège 
1049	Nouvelle-Zélande
1050	National Certificat of Education Achievement (NCEA), 
1051	level 3 certificate, comprenant au moins 6 sujets de 
1052	for-
1053	mation générale
1054	 avec au moins 14 crédits à chaque ni-
1055	veau (niveau 1, niveau 2 et niveau 3)
1056	 par l’UNIGE en Nouvelle-Zélande 
1057	Oman 
1058	Ouganda 
1059	Ouzbékistan 
1060	Pakistan 
1061	Palestine 
1062	(Autorité 
1063	palestinienne) 
1064	Panama 
1066	Paraguay 
1067	Bachiller Cientifico 
1068	Avant 2021 :
1069	 Bachiller en Ciencias y Letras / Cientifico 
1071	Pays-Bas 
1072	Diploma Voorbereidend Wetenschappeliik Onderwijs 
1073	V.W.O
1074	par l’UNIGE au Pays-Bas 
1075	Pérou 
1076	Philippines 
1077	Pologne 
1078	Swiadectwo ukonczenia liceum ogolnokszatalcacego + 
1079	Swiadectwo Dojrzalosci
1080	par l’UNIGE en Pologne 
1081	Portugal 
1082	Qatar 
1083	République centrafri-
1084	caine 
1085	Baccalauréat / Diplôme de Bachelier de l’Enseignement 
1086	du Second Degré (série C mathématiques et sciences 
1087	physiques / Série D mathématiques et sciences de la 
1088	nature)
1090	République 
1091	domini-
1092	République tchèque
1093	Vysvedceni o maturitni zkousce – Gymnazium
1094	par l’UNIGE en République tchèque
1095	Roumanie 
1096	Diploma de Bacalaureat 
1097	par l’UNIGE en Roumanie
1098	Royaume-Uni 
1099	(Angleterre, Pays-de-
1100	Galles et Irlande du 
1101	Nord) 
1102	General Certificate of Secondary Education (GCSE) ou 
1103	le General Certificate of Education – Advanced Subsid-
1104	iary Level (GCE AS) 
1105	+ General Certificate of Education – Advanced Level 
1106	(GCE AL) 
1107	ou 
1108	Advanced Subsidiary Level (AS) + Cambridge AICE 
1109	Diploma Advanced Level (AL) 
1110	Pre-U Short Course + Pre-U Principal Subject 
1111	International GCSE (IGCSE) ou International Ad-
1112	vanced Subsidiary Level (IAS) + International Ad-
1113	vanced Level (IAL) 
1114	Le diplôme ci-dessus doit comprendre au moins 6 su-
1115	jets de 
1116	 dont : 
1117	3 sujets en GCSE ou GCE AS/ AICE AS / Pre-U Short 
1118	Course/IAS ou IGCSE 
1119	+ 3 autres sujets en GCE AL / AICE AL / Pre-U Principal 
1120	Subject / IAL (dont un sujet en mathématiques, biologie, 
1121	2 des 3 sujets GCE 
1122	AL/AICE 
1123	AL/Pre-U Principal 
1124	Subject/IAL: note mini-
1125	mum B (ou M2 au Pre-
1126	U Principal Subject), 3
1127	e
1128	sujet GCE AL/AICE 
1129	AL/Pre-U Principal Sub-
1130	ject/IAL : note minimum 
1131	C (ou M3 au Pre-U Prin-
1132	cipal Subject) 
1133	Pour les 3 sujets en: 
1134	GCSE ou GCE AS/ 
1135	AICE AS / 
1136	Pre-U Short 
1137	note minimum 5 (ou B 
1138	pour le Pays de Galles 
1139	et Irlande du Nord ; ou 
1140	C pour GCE AS/AICE 
1141	AS/IAS ; ou M3 pour 
1142	Pre- U Short Course) 
1143	(Écosse) 
1144	Scottish Qualifications Certificate (SQC) – Standard 
1145	Grade + Scottish Qualifications Certificate (SQC) – 
1146	Higher + Scottish Qualifications Certificate (SQC) – Ad-
1147	vanced Higher comprenant 6 sujets de 
1148	rale 
1149	dont : 
1150	2 sujets en Standard Grade 
1151	+ 1 autre sujet en Higher Grade 
1152	+ 3 autres sujets en Advanced Higher Grade (dont un 
1153	sujet en mathématiques, biologie, chimie ou physique) 
1154	3 ou C pour chaque 
1155	branche 
1157	Russie 
1158	(Fédération 
1159	Attestat o srednem (polnom) obscem obrazovanii 
1160	par l’UNIGE en Russie est exigée. 
1161	Rwanda 
1162	Saint-Marin 
1163	Diploma di superamento dell’esame di stato conclusivo 
1164	dei corsi di studio di liceo classico, linguistico o 
1165	scientifico 
1166	Sénégal 
1167	Baccalauréat de l’Enseignement Secondaire 
1168	Serbie 
1169	Diplomë për kryerjen e shkollës së mesme të 
1170	përgithshme – gjimnazin (obtenu en 4 ans) 
1171	Diploma o stecenom srednem obrazovanju (obtenu en 
1172	4 ans) 
1173	 par l’UNIGE en Serbie 
1174	Sierra Leone 
1175	West African Senior School Certificate 
1176	Singapour  
1177	Singapore-Cambridge General Certificate of Education 
1178	(new curriculum 2006) comprenant 6 sujets de 
1179	forma-
1180	tion générale
1181	 dont : 2 sujets en O-level + 1 autre sujet 
1182	en H1 + 3 autres sujets en H2 (dont un sujet en mathé-
1183	matiques, biologie, chimie ou physique) 
1184	C pour chaque branche 
1185	Slovaquie 
1186	Vysvedcenie o maturitnej skuske-gymanzium 
1187	 par l’UNIGE en Slovaquie 
1188	Slovénie 
1189	Spricevalo o splosni maturi 
1190	 par l’UNIGE en Slovénie 
1191	Somalie 
1192	Soudan 
1193	Sri Lanka 
1194	Suède 
1195	Examensbevis, 
1196	Högskoleförberendande 
1197	Examen 
1198	(Ekonomiprogrammet/ 
1199	Naturvetenskapsprogrammet/ 
1200	Samhällsvetenskapsprogramm) avec au moins 2500 
1201	points, comprenant 6 sujets de 
1202	 avec 
1203	au moins 200 crédits dans chaque sujet et 250 crédits 
1204	en mathématiques 
1205	 par l’UNIGE en Suède 
1207	Syrie
1208	Al-Shahada Al-Thanawiyya-Al’Amma (Baccalauréat, 
1209	General Secondary Certificate) (Scientific Branch)
1211	Tadjikistan 
1212	Atestat dar borai malumoti mijona 
1213	l’UNIGE au Tadjikistan est exigée 
1214	Taïwan 
1215	Senior High School Leaving Certificate 
1216	Tanzanie 
1217	Tchad 
1218	Baccalauréat de l’Enseignement du second degré  
1219	Thaïlande 
1220	Maathayom Suksa 6  
1222	Togo 
1223	Baccalauréat du troisième degré (séries A, 
1224	C, D) 
1225	 Baccalauréat du troisième degré (séries 
1226	lettres et philosophie (A) / Mathématiques et sciences 
1227	physiques (C) / Sciences appliquées et mathématiques 
1228	(D)) 
1229	Tunisie 
1230	Baccalauréat (séries lettres / mathématiques / sciences 
1231	expérimentales / sciences informatiques / sciences 
1232	techniques) 
1233	Turkménistan 
1234	Turquie 
1235	Anadolu Lisesi Diplomasi – Fen Lisesi Diplomasi 
1236	 par l’UNIGE en Turquie 
1237	Ukraine 
1238	Dès 2022 :
1239	 Svidotstvo pro zdobuttia povnoi zagalnoi 
1240	serednoi osvity 
1241	Avant 2022 : 
1242	Atestat pro povnu zagal’nu seredniu 
1243	osvitu / Svidotstvo pro zdobuttia povnoi zagalnoi 
1244	l’UNIGE en Ukraine est exigée 
1245	Uruguay 
1246	Venezuela 
1248	Vietnam 
1249	Dès 2022 : 
1250	Bang Tot Nghiep Trung Hoc Pho Thong 
1251	Avant 2022 :
1252	 Bang Tot Nghiep Trung Hoc Pho Thong  
1253	Bang Tot Nghiep Pho Thong Trung Hoc  
1254	Yémen 
1255	Zambie 
1256	Zimbabwe 
1258	Candidates et candidats dépourvus d’un titre secondaire supé-
1259	rieur reconnu 
1260	Tout-e candidat-e dépourvu-e d’un titre secondaire supérieur reconnu 
1261	ou titulaire d’un diplôme non conforme aux titres reconnus peut être 
1262	immatriculable à l’UNIGE, à l’exception des études de médecine hu-
1263	maine et dentaire, et de pharmacie. La procédure de demande d’imma-
1264	triculation pour ces candidat-es, aussi appelé-es « 
1265	non-titulaires d’une 
1266	maturité suisse », 
1267	vise les personnes qui, par l'exercice d'une activité 
1268	professionnelle, peuvent justifier de connaissances et compétences né-
1269	cessaires pour entrer à l’UNIGE, en compensation d'un titre secondaire 
1270	supérieur. Les 
1271	conditions d’immatriculation
1272	, la 
1273	procédure à suivre et le 
1274	délai
1275	 de dépôt d’une candidature sont mentionnés sur le 
1276	site internet 
1277	de l’UNIGE
1278	Cas particulier : 
1279	Conformément à l’article 55 § 4 du Statut de l’Université
1280	la maturité 
1281	spécialisée orientation pédagogie, délivrée par une institution 
1282	d’enseignement suisse
1283	, permet l’accès direct au Baccalauréat univer-
1284	sitaire en sciences de l’éducation. Pour plus d’informations, consulter 
1285	le site : 
1287	tion-pedagogie
1294	Inscription en maîtrise universitaire (master), en complément 
1295	d’études ou en certificat complémentaire  
1297	Pour postuler un complément d’études, un certificat complémentaire ou 
1298	une maîtrise universitaire (master), les candidates et candidats doivent 
1299	être titulaires d’un premier diplôme universitaire (bachelor) ou titre jugé 
1300	équivalent) obtenu dans une 
1301	l’UNIGE (voir partie 9.3), au terme d’une formation d’une durée de 3 ans 
1302	minimum (au moins 180 crédits ECTS). 
1303	La 
1304	dans les 
1305	délais
1306	 (voir partie 7.2). Si la formation requiert une 
1307	procédure particulière
1308	(voir partie 6), elle doit également avoir été suivie dans les délais. Les 
1309	conditions particulières
1310	, si exigées, doivent être remplies (voir partie 4). 
1311	si elles sont demandées (voir partie 8), ainsi qu’aux conditions d’admis-
1312	sion du programme d’études décrites dans le règlement d’étude ad hoc. 
1313	Toutes les candidatures répondant aux conditions générales d’immatricu-
1314	lation sont soumises à la faculté/institut/centre pour décision sur l’admis-
1315	sibilité en fonction du règlement du programme et/ou de la faculté/insti-
1316	tut/centre. 
1318	Inscription en certificat de spécialisation, maîtrise universitaire 
1319	d’études avancées ou doctorat 
1321	Conditions générales d’immatriculation  
1322	Les candidates et candidats doivent avoir obtenu un baccalauréat univer-
1323	sitaire (bachelor) d’une 
1324	 par l’UNIGE 
1325	(voir partie 9.3), au terme d’une formation d’une durée de 3 ans minimum 
1326	(au moins 180 crédits ECTS). De surcroit, ils/elles doivent être titulaires 
1327	d’une maîtrise universitaire (master) d’une 
1328	université et un programme re-
1329	connus
1330	 par l’UNIGE (voir partie 9.3).  
1331	Les candidates et candidates au 
1332	Certificat de spécialisation en matière 
1333	d’avocature
1334	 ne sont pas tenus d’être titulaires d’une maîtrise universitaire 
1335	(master) d’une 
1336	 par l’UNIGE (voir 
1337	partie 9.3). Les conditions d’admission pour ce certificat de spécialisation 
1338	doivent être remplies. Pour plus d’informations à ce sujet, consulter le 
1339	site 
1340	de l’École d’avocature
1341	 (voir partie 5) doit avoir été suivie dans les 
1342	délais (voir partie 7). Si la formation requiert une 
1343	(voir partie 6), elle doit également avoir été suivie dans les délais.  
1344	Pour les doctorats et les maîtrises universitaires d’études avancées 
1345	(MAS) de formation approfondie, le niveau d’exigence de français de-
1346	mandé est à vérifier auprès de la faculté/centre/institut. 
1350	Conditions particulières 
1352	Faculté de médecine 
1354	Médecine humaine 
1355	Les candidates et candidats au baccalauréat universitaire (bachelor) ou à 
1356	la maîtrise universitaire (master) doivent répondre aux conditions particu-
1357	lières d’admission décrites à l’article 10 et 12 du 
1358	Règlement d’études ap-
1359	plicable au Bachelor et au Master en Médecine humaine
1361	Médecine dentaire 
1362	lières d’admission décrites aux articles 10 et 12 du 
1363	Règlement d’études 
1364	applicable au Bachelor et au Master en Médecine dentaire
1366	Faculté de traduction et d’interprétation 
1367	En sus des conditions d’immatriculation, les candidates et candidats aux 
1368	Baccalauréat universitaire en communication multilingue, Maîtrise univer-
1369	sitaire en traduction et Maîtrise universitaire en interprétation de confé-
1370	rence doivent avoir réussi l’examen d’admission de la formation postulée. 
1371	L’admission en 
1372	Baccalauréat universitaire (bachelor) en communica-
1373	tion multilingue
1374	 est soumise à des conditions d’immatriculation particu-
1375	lières : 
1376	pour les titulaires d’un diplôme de fin d’études secondaires supé-
1377	rieures d’un pays ayant signé ou ratifié la Convention de Lisbonne 
1378	ou d’un Baccalauréat international ou européen : 
1380	diplôme dont le titre figure sur la liste des 
1381	diplômes recon-
1382	nus par l’UNIGE
1383	 (voir partie 1.1.3) ;  
1384	la moyenne/note/mention, si requise, est atteinte ; 
1385	aucune restriction quant à la série du diplôme (si perti-
1386	nent) et sans nécessité de répondre au caractère de 
1387	 (voir partie 9.1) ni aux exigences com-
1388	plémentaires (voir partie 1.1.3). 
1389	rieures d’un pays n’ayant pas signé ou ratifié la Convention de 
1390	Lisbonne : 
1391	 (voir partie 1.1.3) pour autant qu’il com-
1392	porte au minimum 4 branches sur 6 pour remplir le critère 
1393	 (voir partie 9.1) ;  
1394	la moyenne/note/mention, si requise, est atteinte. 
1395	Par ailleurs, la réussite des examens d’admission de la faculté remplace 
1396	(si requise) l’exigence de l’Examen complémentaire des hautes écoles 
1397	suisses (ECUS) et celle de fournir une attestation d’admission, dans la 
1398	filière visée, d’une université reconnue par l’UNIGE dans le pays où le titre 
1399	d’études secondaires supérieures a été obtenu. 
1400	L’immatriculation selon ces conditions n’est valable que pour ce pro-
1401	gramme, sans changement d’orientation possible. Si la candidate ou le 
1402	candidat souhaite postuler une autre formation, les conditions générales 
1403	d’immatriculation (voir partie 1.1.3) devront être remplies. 
1406	5 Procédure de demande d’immatriculation  
1407	La procédure de demande d’immatriculation en formation de base (soit en baccalauréat universitaire, maîtrise universitaire, certificat complémentaire ou complément d’études) et en formation approfondie (soit en doctorat, certificat de spécialisation ou maîtrise universitaire d’études avancées de formation approfondie), s’effectue en ligne sur le 
1408	Portail Candidature UNIGE
1410	 et s’adresse aux : 
1411	nouveaux/nouvelles étudiant-es de l’UNIGE ; 
1412	étudiant-es actuel-les de l’UNIGE (demande de changement de 
1413	faculté ou inscription en deuxième faculté ; 
1414	ancien-nes étudiant-es de l’UNIGE (demande de réimmatricula-
1415	tion). 
1416	La plateforme en ligne permet d’effectuer l’ensemble des démarches d’im-
1417	matriculation à l’UNIGE et d’admission dans la formation visée pour les 
1418	formations de base et approfondies. 
1419	Se rendre sur le
1420	site Internet UNIGE
1422	Définir son profil à l’aide des filtres et prendre connaissance des 
1423	conditions, délais d’inscription et documents à fournir pour dépo-
1424	ser une candidature. 
1425	Cliquer sur « Je m’inscris ». 
1426	Créer un compte SWITCH edu-ID ou se connecter, si compte 
1427	existant, pour accéder au Portail Candidature UNIGE. 
1428	Compléter les informations personnelles. 
1429	Créer une candidature : 
1430	Sélectionner et valider la formation postulée à l’aide des 
1431	menus déroulants. 
1432	Compléter et valider les informations personnelles. 
1433	Compléter et valider les informations complémentaires. 
1436	Compléter et valider les études secondaires. 
1437	Compléter et valider les études universitaires, le cas 
1438	échéant. Toute étude universitaire antérieure non décla-
1439	rée, qu’elle soit abandonnée, en cours ou achevée, en 
1440	Suisse ou à l’étranger, qui serait découverte ultérieure-
1441	ment peut entraîner l’annulation de l’immatriculation voire 
1442	une exclusion de l’UNIGE. 
1443	Compléter et valider le certificat de français, si requis. 
1444	Compléter et valider les données spécifiques à la candi-
1445	dature, si requis. 
1446	Téléverser tous les documents requis. 
1447	Payer l’émolument d’inscription de CHF 65.-, si requis 
1448	(Article 11 du 
1449	Règlement interne relatif aux taxes univer-
1450	sitaires et aux émoluments
1452	Soumettre la candidature dans le délai imparti. 
1453	Suivre régulièrement le statut de la candidature en se connectant 
1454	au Portail Candidature UNIGE et vérifier les e-mails (spams in-
1455	clus). 
1456	En cas d’intérêt pour plusieurs formations, il est possible de créer et dé-
1457	poser plusieurs candidatures (une candidature par formation postulée) 
1458	dans les délais impartis.  
1459	Il incombe au candidat ou à la candidate de prouver qu'il ou elle remplit 
1460	les conditions exigées en fournissant dans les délais les documents re-
1461	quis.  
1462	Les renseignements et documents fournis doivent être complets et cor-
1463	rects lors du dépôt de la candidature en ligne. Tant que l’étape « Sou-
1464	mettre ma candidature » n’est pas effectuée, la candidature est enregis-
1465	trée comme brouillon et peut être modifiée. Une fois la candidature dépo-
1466	sée, il n'est plus possible de modifier les données saisies ou les docu-
1467	ments téléversés, y compris en cas de nouvelle candidature pour une 
1469	autre formation. Toute candidature dont la soumission n’est pas finalisée dans le délai imparti ou est déposée en ligne après le délai applicable sera déclarée irrecevable. 
1471	Documents à fournir pour une immatriculation en baccalauréat universitaire (liste exhaustive) : 
1472	Une copie de la pièce d’identité (recto/verso) ou de la page des 
1473	données personnelles du passeport. 
1474	Une copie du permis de séjour suisse si le/la candidat-e en pos-
1475	sède un. 
1476	Les copies de tous les relevés de notes 
1477	officiels
1478	 des trois (ou 
1479	quatre selon pays
1481	) dernières années d’études secondaires su-
1482	périeures obtenus au moment de la postulation (même en cas 
1483	d’abandon ou d’échec), en langue originale. 
1484	Si les relevés de notes de l’année scolaire en cours ne 
1485	sont pas (encore) disponibles : un certificat de scola-
1486	rité/attestation d’inscription 
1487	officiel-le
1488	 en langue origi-
1489	nale. 
1490	Pour le 
1491	Baccalauréat général
1492	 français, en sus des autres 
1493	documents requis : une attestation 
1494	officielle
1495	 mention-
1496	nant les spécialités suivies en première et en terminale. 
1497	Baccalauréat international
1498	, les relevés de notes 
1499	des deux dernières années uniquement sont requises. 
1500	Une copie du diplôme de fin d’études secondaires supérieures en 
1501	langue originale, accompagnée d’une copie du relevé de notes 
1502	final officiel, si existant, en langue originale. 
1503	Une attestation d’admission dans la filière visée à l’UNIGE, en 
1504	langue originale, d’une université et un programme reconnus par 
1505	l’UNIGE, dans le pays où le titre secondaire a été obtenu, unique-
1506	ment si le document est exigé par nos conditions d’immatricula-
1507	tion. 
1508	o
1509	 En cas de candidatures dans plusieurs programmes, une attestation d’admission dans une université et un programme reconnus par l’UNIGE, dans le pays où le titre secondaire a été obtenu, est requise pour chaque filière visée. 
1510	 Voir 
1511	, point 10.1 
1512	Une traduction officielle de chaque document non rédigé en fran-
1513	çais, allemand, italien, ou anglais, est demandée en plus des do-
1514	cuments en langue originale. 
1515	Une copie d’un diplôme de français attestant du niveau B2 mini-
1516	mum, si le/la candidat-e en possède un. Le cas échéant, cela 
1517	pourrait éventuellement le/la dispenser de l’examen de français 
1518	de l’UNIGE, s’il/elle y est soumis-e. 
1519	En sus, en cas d’études universitaires entamées, réussies ou non : 
1520	U+ne copie de tous les relevés de notes universitaires 
1521	obtenus à ce jour (même en cas d’abandon ou d’échec) en langue 
1522	originale. 
1523	Si les relevés de notes de l’année académique en cours 
1524	ne sont pas (encore) disponibles : une attestation d’ins-
1525	cription 
1526	 en langue originale. 
1527	Une copie de l’attestation de réussite du diplôme, si le diplôme 
1528	n’a pas encore été émis. 
1529	Une copie du/des diplôme-s universitaire-s obtenu-s en langue 
1530	Une attestation d’exmatriculation (et non la lettre d’exmatricula-
1531	tion) pour les étudiant-es qui ont fréquenté une haute école suisse 
1532	(UNI, HES, HEM, HEP, EPF/ETH). Pour tout-e candidat-e en 
1533	cours d’études, l’attestation d’exmatriculation devra être fournie 
1534	au plus tard lors de la confirmation d’immatriculation. 
1535	çais, allemand, italien ou anglais est demandée en plus des do-
1537	Documents à fournir pour une immatriculation en maîtrise universitaire, doctorat, certificat de spécialisation et en maîtrise universitaire d’études avancées en formation approfondie (liste exhaustive) : 
1538	Une copie de tous les relevés de notes universitaires 
1539	Candidature acceptée 
1540	Prendre connaissance de l’e-mail « Décision sur votre candida-
1541	ture ». 
1542	Se connecter au Portail Candidature UNIGE. 
1543	Accéder à la décision de la candidature. 
1544	Prendre connaissance de la décision et des éventuelles réserves 
1545	et autres conditions. 
1546	Télécharger et enregistrer le/les document-s transmis par 
1547	l’UNIGE avant la rentrée académique. 
1548	Confirmer le choix de formation dans le délai imparti si vous sou-
1549	haitez confirmer votre inscription à l'UNIGE. En cas de candida-
1550	tures multiples, une seule offre peut être acceptée, sauf excep-
1551	tions. 
1552	Compléter les informations concernant l’exigence du français, si 
1553	requis. 
1554	Téléverser tous les documents à compléter pour accéder à 
1555	l’étape de confirmation d’immatriculation à l’UNIGE avant la ren-
1556	trée académique visée. 
1557	Vérifier les données de contact. 
1558	Compléter les données pour l’AVS et statistiques. 
1559	Finaliser son inscription. 
1560	Confirmer son inscription selon les modalités communiquées à 
1561	l’étape « Finalisation de l’inscription » et dans la mesure du pos-
1562	sible
1563	, au plus tard 3 jours avant la rentrée universitaire. 
1564	Une 
1565	confirmation d'immatriculation jusqu'à 10 jours après la rentrée 
1566	est possible, 
1567	mais déconseillée. 
1568	La confirmation d’immatricula-
1569	tion pour un doctorat est, sauf exception, possible toute l’année.
1570	Le non-respect de la finalisation de la candidature dans le 
1571	"délai imparti implique une clôture du dossier “sans-suite"". "
1572	L’immatriculation ne pourra pas se faire pour le semestre 
1573	postulé.
1575	Lors de la confirmation de l’immatriculation, les documents téléversés pour lever les éventuelles réserves seront vérifiés. Pour les confirmations en présentiel, le-s document-s original/originaux requis sera/seront également vérifié-s. A l’issue de ces formalités, le/la candidat-e, désormais étudiant-e immatriculé-e à l’UNIGE, recevra : 
1576	ses codes d’accès informatiques de l’UNIGE ; 
1577	son e-mail institutionnel (Prenom.Nom@etu.unige.ch) ; 
1578	les informations pour le paiement des taxes semestrielles ; 
1579	sa carte d’étudiant-e multiservices. 
1580	Si le/la candidat-e est dans l'incapacité de respecter les délais impartis pour lever les réserves et/ou confirmer son immatriculation, il/elle doit contacter le Service des immatriculations par le biais de la plateforme en ligne 
1581	admissions.unige.ch
1582	 avant l’échéance du délai. 
1583	Candidature refusée 
1584	Prendre connaissance de l’e-mail « Décisions sur votre candida-
1585	Se connecter au Portail Candidature UNIGE 
1586	Prendre connaissance de la décision de refus, de l’instance de 
1587	décision et des voies d’opposition. 
1588	Renoncer à sa candidature  
1589	Le/la candidat-e qui renonce à poursuivre sa demande d'immatriculation 
1590	à n'importe quel moment, même une fois qu’il/elle a été admis-e, doit en 
1591	informer le Service des immatriculations sur la plateforme en ligne 
1592	admis-
1593	sions.unige.ch
1596	Informations importantes 
1597	Toute demande d’information complémentaire, décision et communication de l’UNIGE relative à la candidature est notifiée sur le Portail Candidature UNIGE et à l’adresse électronique indiquée dans les informations personnelles. Il est vivement conseillé de vérifier régulièrement les courriers indésirables (spams) et d’ajouter l’émetteur « noreply-inscription@unige.ch » à ses contacts. Le statut de la/des candidature-s peut être consulté en tout temps en se connectant au Portail Candidature UNIGE. 
1598	La numérisation des documents transmis doit être de bonne qualité. 
1599	L’UNIGE se réserve le droit de ne pas traiter une candidature incomplète ou de réclamer tout complément nécessaire à l’étude de la candidature. Dans ce cas, un délai est octroyé jusqu’à l’échéance du délai de postulation. Si ce délai est échu lors du traitement de la/des candidature(s), un délai de 7 jours est octroyé. Les compléments demandés devront être téléversés sur le Portail Candidature UNIGE, sous l’onglet « Compléments à fournir ». En cas de non-téléversement des documents dans le délai imparti, la candidature est considérée incomplète et déclarée irrecevable. 
1600	Toute omission ou remise de documents faux ou falsifiés peut conduire au refus d’immatriculation, respectivement à l'exclusion de l'UNIGE. 
1601	L’UNIGE se réserve le droit de contacter votre/vos école-s/université-s pour demander des informations vous concernant, dans la mesure où celles-ci s’avèrent nécessaires au traitement de votre candidature. 
1602	Les données personnelles sont traitées de manière strictement confidentielle dans le respect de la législation applicable en matière de protection des données. Pour plus d'information, se référer à la 
1603	Politique de protection des données personnelles
1604	 de l'UNIGE. 
1607	Procédures particulières 
1608	Les procédures particulières doivent avoir été suivies dans les 
1609	délais im-
1610	partis
1611	 (voir partie 7). 
1613	Faculté des sciences 
1615	doctorat 
1616	Trouver un-e professeur-e de la Faculté des sciences disposé-e 
1617	à être son/sa directeur-trice de thèse et qui supervisera ainsi son 
1618	travail. Pour cela, consulter le site de la Faculté des sciences. 
1619	Certaines sections gèrent des listes internes de postes d’assis-
1620	tants vacants. Voir aussi la liste des groupes de recherche dispo-
1621	nible sur le site de la Faculté
1623	Ensuite, contacter directement le/la professeur-e avec lequel/la-
1624	quelle le/la candidat-e souhaite travailler. En cas de corrélation 
1625	entre son projet académique et les besoins du département en 
1626	matière de recherche, il/elle lui indiquera s'il/elle a une place de 
1627	doctorant-e/assistant-e ou s’il/elle peut le/la diriger vers un-e col-
1628	lègue ; 
1629	Finalement, suivre la 
1630	et annexer la lettre d’approbation de direction de thèse ou l’attes-
1631	tation de thèse pour le doctorat en 
1632	Life Sciences
1634	Faculté de médecine  
1636	Baccalauréat universitaire en méde-
1637	cine humaine ou dentaire 
1638	Une inscription obligatoire aux études de médecine doit être effectuée en 
1639	ligne auprès de 
1640	swissuniversities
1642	 (voir partie 7.1.1.3.1) 
1643	fixés par cette instance, à savoir le 15 février 2026. À défaut, aucune suite 
1646	ne sera donnée à la demande d’immatriculation. Les justificatifs quant aux 
1647	 (voir parties 4.1.1 et 4.1.2) doivent 
1648	être téléversés sur la plateforme d’inscription aux études de médecine. La 
1649	liste 
1650	des 
1651	documents 
1652	demandés 
1653	est 
1654	consultable 
1655	sur 
1656	le 
1658	 après avoir défini le profil en 
1659	utilisant les six filtres. Si cette inscription n’est pas faite dans le délai, ou 
1660	si elle est refusée, aucune suite ne sera donnée à une demande d'imma-
1661	triculation soumise pour la formation visée. 
1663	aîtrise universitaire en médecine 
1664	dentaire ou humaine 
1666	 (voir partie 7.2.1.3.1) 
1667	fixés par cette instance. À défaut, aucune suite ne sera donnée à la de-
1668	mande d’immatriculation. Les justificatifs quant aux 
1669	conditions particu-
1670	lières d’admission
1671	 (voir parties 4.1.1 et 4.1.2) doivent être téléversés sur 
1672	la plateforme d’inscription aux études de médecine. La liste des docu-
1673	ments demandés est consultable sur le site 
1675	tions/conditions
1676	 après avoir défini le profil en utilisant les six filtres. Si cette 
1677	inscription n’est pas faite dans le délai, ou si elle est refusée, aucune suite 
1678	ne sera donnée à une demande d'immatriculation soumise pour la forma-
1679	tion visée. 
1681	 doctorat 
1682	Trouver un-e professeur-e disposé-e à être son/sa directeur/trice 
1683	de thèse qui supervisera son travail ; 
1684	quelle le/la candidat-e souhaite travailler, qui lui indiquera s’il/elle 
1685	a une place de doctorant-e/assistant-e ou s’il/elle peut le diriger 
1686	vers un-e collègue ;  
1687	Demander au directeur de thèse (qui doit être Professeur de la 
1688	Faculté de médecine de Genève, ou 
1689	Privat Docent
1690	, Chargé de 
1692	cours ou d’enseignement avec la codirection d’un professeur), 
1693	une attestation de direction de thèse signée, mentionnant le titre 
1694	de la thèse en français et la date du début de la thèse
1696	et annexer, en sus, l’attestation signée. 
1698	maîtrise universitaire d’études avan-
1699	cées 
1700	Avant toute démarche de demande d’immatriculation, la candidate ou le 
1701	candidat doit prendre contact avec le 
1702	Secrétariat des étudiants-es de la 
1703	Faculté de médecine
1707	Faculté des lettres 
1709	de thèse ; 
1710	Contacter le conseiller académique responsable des études post-
1711	grades, M. Olivier Frutiger (Olivier.Frutiger@unige.ch) ; 
1712	Préparer un dossier complet à lui remettre directement, compre-
1713	nant : 
1714	Curriculum vitae ; 
1715	Copie des diplômes ; 
1716	Relevés de notes d’examens avec la traduction en fran-
1717	çais, sauf s’ils sont rédigés en français, anglais, alle-
1718	mand, italien, espagnol ou portugais ; 
1719	Intitulé du mémoire de master ; 
1720	Projet de thèse de deux à trois pages, approuvé par le 
1721	directeur pressenti de la thèse ; 
1722	Résumé en français d’environ 10 lignes du projet de 
1723	thèse ; 
1727	Si la candidature est acceptée, suivre la 
1728	procédure d’immatricu-
1729	lation
1730	 (voir partie 5) et annexer la lettre du Vice-doyen ou de la 
1731	Vice-doyenne à la demande d’immatriculation. 
1733	Faculté des sciences de la société 
1735	Trouver un-e professeur-e disposé-e à être son directeur 
1736	de thèse et qui supervisera ainsi son travail. À cet effet, 
1737	consul-
1738	ter le site de la Faculté
1739	Suivre la 
1740	 (voir partie 5) et joindre, en 
1741	sus, la lettre du directeur de thèse. 
1743	Faculté d’économie et management 
1745	ATTENTION
1747	 certains doctorats de la faculté ont des délais d’inscription 
1748	particuliers (ex. 28 février). Se renseigner auprès du doctorat concerné. 
1749	Déposer un dossier de postulation à la Faculté ; il sera alors sou-
1750	mis au Comité scientifique du doctorat visé. Pour plus d’informa-
1751	tions, consulter le 
1752	site de la faculté
1754	En cas d’acceptation, et dès réception de la lettre d’admission 
1755	comme doctorant, suivre la 
1756	tie 5) et joindre, en sus, la lettre d’admission du doyen. 
1760	Faculté de droit 
1762	Préparer un projet de thèse d’une dizaine de pages et une biblio-
1763	graphie ;  
1764	Trouver un-e professeur-e susceptible de diriger sa thèse ; 
1765	 (voir partie 5). 
1766	N.B.
1767	 Si la candidate ou le candidat a un contrat d’assistant-e à la Faculté 
1768	et n’a pas encore procédé à sa demande d’immatriculation : suivre la 
1769	pro-
1770	cédure d’immatriculation
1772	Faculté de théologie 
1774	Certificat complémentaire d’études 
1775	En sus de la démarche d’immatriculation, une inscription au Certificat 
1776	complémentaire ou au MAS en études œcuméniques
1778	 de l’institut œcu-
1779	ménique de Bossey doit être effectuée auprès de l’Institut dans les 
1780	délais 
1781	impartis
1782	 (voir partie 7.2.1.3.2). 
1784	Trouver un-e professeur-e de la Faculté de théologie susceptible 
1785	de s’intéresser à son domaine de recherche et disposé à être 
1786	son/sa directeur-trice de thèse ; 
1787	Contacter le/la en joignant un projet de thèse préliminaire (entre 
1788	une et trois pages), un curriculum vitae et une lettre de motiva-
1789	tion ; 
1791	Si le projet de recherche rencontre son intérêt, lui demander une 
1792	attestation écrite indiquant qu’il/elle est d’accord de diriger sa 
1793	sus, l’attestation de direction de thèse. 
1795	Faculté de psychologie et des sciences de l’éducation  
1797	Maîtrise universitaire en logopédie
1798	Veuillez suivre la procédure décrite sur le 
1799	site de la Faculté
1802	Trouver un-e professeur-e acceptant de suivre le/la candidat-e en 
1803	tant que directeur-trice de thèse. Consulter les groupes de re-
1804	cherche sur le 
1805	site de la FPSE
1807	 (voir partie 5) : 
1808	Mentionner le/la directeur-trice de thèse pressenti-e dans 
1809	la lettre de motivation à joindre à la candidature. 
1811	Faculté de traduction et d’interprétation  
1813	Pour susciter l’intérêt d’un-e professeur-es de la FTI à suivre le/la 
1814	candidat-e, adresser au Conseiller académique Olivier Demissy-
1815	Cazeilles un projet préliminaire d’une à trois pages ainsi qu’un 
1816	curriculum vitae précisant la mention visée (traductologie, traite-
1817	ment informatique multilingue, interprétation de conférence, 
1821	gestion de la communication multilingue) et décrire de manière 
1822	succincte l’objectif de la recherche. 
1823	Si le projet préliminaire correspond aux intérêts de recherche 
1824	d’un-e professeur-e, le Conseiller académique le lui transmet. Si 
1825	le/la professeur-e se déclare intéressé par le projet, le candidat 
1826	ou la candidate pourra, avec le soutien de la professeure ou du 
1827	professeur, commencer les démarches officielles pour présenter 
1828	sa candidature au Collège des professeur-es. 
1829	Adresser au Décanat un dossier de candidature comprenant les 
1830	pièces suivantes : 
1831	Curriculum vitae détaillé en français ou en anglais (daté 
1832	et signé) ; 
1833	Lettre de motivation en français ou en anglais ; 
1834	Copie certifiée du diplôme le plus élevé* ; 
1835	Copie de tous les autres diplômes* ; 
1836	Copie des relevés de notes* ; 
1837	Dossier et liste de publications ; 
1838	Présentation détaillée du projet de recherche ; 
1839	Accord formel d’un-e professeur-e de la faculté qui ac-
1840	cepte de diriger la thèse de doctorat ; 
1841	Programme doctoral personnalisé fixé d’entente avec le 
1842	directeur de thèse. 
1843	* avec traduction pour diplômes non rédigés en français, al-
1844	lemand, italien ou anglais  
1845	En cas d’acception, et dès réception de la lettre d’admission 
1846	comme doctorant-e à la FTI, suivre la 
1847	(voir partie 5) et joindre, en sus, la lettre d’admission au doctorat. 
1850	6.10 Global Studies Institute 
1852	Déposer à l'Institut un projet de thèse qui a le soutien de deux 
1853	professeur-es de l’UNIGE, enseignant des disciplines acadé-
1854	miques différentes. L’un-e de ces professeur-es au moins doit être 
1855	affilié-e au GSI ; 
1856	sus, la lettre d’acceptation du/de la professeur-e. 
1857	6.11 Institut universitaire de formation des enseignant-es 
1858	Pour l’immatriculation en Maîtrise universitaire en enseignement secon-
1859	daire (MASE1), en Maîtrise universitaire bi-disciplinaire en enseignement 
1860	secondaire (MASE2) ou en Certificat de spécialisation en didactique d’une 
1861	discipline d’enseignement supplémentaire (CSDS), une inscription doit 
1862	également être faite auprès de l’institut
1863	 dans les délais impartis (voir 
1864	partie 7.2.1.3.5). 
1867	Délais d’inscription 
1868	Conformément à l’article 55, al. 1, lettre a) du Statut de l’UNIGE, est ad-
1869	mis-e à l’immatriculation le/la candidat-e qui envoie ou dépose son dos-
1870	sier dans les délais arrêtés ci-dessous. 
1872	Pour les baccalauréats universitaires 
1874	Semestre d’automne 2026-2027 
1875	La campagne d’immatriculation débute le 15 janvier 2026. Les candidates 
1876	et candidats doivent effectuer leur demande d’immatriculation et suivre la 
1877	procédure particulière, si exigée, dans les délais impartis listés ci-des-
1878	sous. 
1879	Délai général 
1880	Le délai pour déposer une demande d’immatriculation est fixé au : 
1881	30 novembre 2025
1882	 qui précède la rentrée académique pour les 
1883	candidates et candidats non titulaires d’un certificat de maturité 
1884	cantonal ou fédérale, selon les conditions décrites au 
1885	point 1.1.4
1886	28 février 2026
1887	 pour les candidates et candidats qui : 
1888	d’après le pays de délivrance de leur titre d’études secon-
1889	daires supérieures sont soumis à l’Examen complémen-
1890	taire des universités suisses (ECUS) ; ou 
1891	d’après la nationalité, sont soumis à un visa pour entrée 
1892	en Suisse de plus de 90 jours selon les 
1893	prescriptions de 
1894	la Confédération
1896	 et indépendamment du domicile ac-
1897	tuel (sauf permis de séjour en Suisse valable au-delà du 
1898	30 avril). 
1899	30 avril 2026
1901	daires supérieures ne sont pas soumis-es à l’Examen 
1902	complémentaire des universités suisses (ECUS) ; et 
1903	d’après la nationalité ne sont pas soumis-es à un visa 
1904	pour entrée en Suisse de plus de 90 jours selon les 
1905	pres-
1906	criptions de la Confédération
1908	31 juillet 2026 
1909	pour les candidates et candidats qui : 
1910	sont en cours d’études au semestre de printemps courant 
1911	à l’École polytechnique fédérale de Lausanne, l’Univer-
1912	sité de Lausanne ou l’Université de Neuchâtel au mo-
1913	ment de la demande d’immatriculation à l’UNIGE, sauf si 
1914	soumis-es à l’ECUS (dans ce cas, délai fixé au 28 fé-
1915	vrier). Passé le délai du 30 avril, une demande de code 
1916	d’accès doit être déposée sur la plateforme 
1918	Délai spécifique 
1919	30 avril 2026 
1920	pour tous les candidates et candidats au 
1921	Bac-
1922	calauréat universitaire en théologie à distance 
1923	Délai pour procédures particulières 
1924	15 février 2026
1925	 pour l’inscription aux études de médecine auprès 
1926	de swissuniversities (
1927	voir partie 6.2.1)
1931	Semestre de printemps 2027 
1932	La campagne d’immatriculation débute le 15 septembre 2026. Seul le 
1933	Baccalauréat universitaire en théologie à distance est ouvert au semestre 
1934	de printemps (
1935	voir partie 10
1936	). Le délai de dépôt de la candidature est fixé 
1937	au : 
1938	30 novembre 2026
1939	, pour autant que la candidate ou le candidat 
1940	ne soit pas soumis à l’Examen complémentaire des universités 
1941	suisses – ECUS. Dans ce cas, une postulation est possible uni-
1942	quement au semestre d’automne. 
1945	Pour les maîtrises universitaires, compléments d’études et 
1946	certificats complémentaires 
1948	et candidates doivent effectuer leur demande d’immatriculation et suivre 
1949	les 
1950	procédures particulières
1951	 (voir partie 6), si exigées, dans les délais im-
1952	partis listés ci-dessous. Attention : certaines formations ont des délais 
1953	spécifiques, également listés ci-dessous. 
1954	ne sont pas titulaires d’un baccalauréat universitaire 
1955	d’une 
1956	haute école suisse reconnue ou accréditée
1958	 ; ou 
1960	sont titulaires d’un baccalauréat universitaire suisse ; et 
1962	suisses-accreditees
1964	kreisschreiben/visa/liste1_staatsangehoerigkeit.html
1965	Délais spécifiques 
1966	28 février 2026 pour la 
1967	Maîtrise universitaire en neurosciences
1968	Maîtrise universitaire en neurosciences 
1969	 pour toutes les maîtrises universitaires et tous les 
1970	Faculté d’économie et de management 
1971	28 février 2026 
1972	pour toutes les maîtrises universitaires et le 
1973	Cer-
1974	tificat complémentaire en statistique appliquée
1975	 pour le 
1976	Certificat complémentaire en psycho-
1977	linguistique 
1978	 pour la 
1979	Maîtrise universitaire en neuros-
1980	ciences
1981	pour la 
1982	Maîtrise universitaire sciences et tech-
1983	nologies de l’apprentissage de la formation (MALTT)
1985	 septembre au 12 octobre 2025
1986	Maîtrise universi-
1987	taire en interprétation de conférence 
1988	pour le
1989	 Certificat complémentaire en traduc-
1990	tion
1991	Maîtrise universitaire en traduction  
1992	Global Studies Institute 
1993	 pour toutes les maîtrises universitaires 
1994	Institut de la formation des enseignant-es  
1995	Du 6 octobre au 3 novembre 2025
1996	 pour tous les programmes 
1997	d’études suivants : 
1998	Maîtrise universitaire en enseignement secondaire 
1999	(MASE1)
2000	Maîtrise universitaire bi-disciplinaire en enseigne-
2001	ment secondaire (MASE2)
2002	Maîtrise universitaire en enseignement 
2003	spécialisé (MESP) 
2004	Institut des sciences de l’environnement 
2005	Maîtrise universitaire en sciences de 
2006	l’environnement 
2007	Délais pour procédures particulières 
2008	15 février 2026 
2009	l’inscription aux études de médecine auprès 
2010	de swissuniversities
2011	 (voir partie 6.2.2). 
2012	 pour l’
2013	inscription au 
2014	Certificat complémen-
2015	taire ou au MAS d’études œcuméniques
2016	 (voir partie 6.7.1) 
2017	Certificat 
2018	complémentaire de formation de base en théologie à dis-
2019	tance
2022	La campagne d’immatriculation début le 15 septembre 2026 pour les 
2023	mations offertes au semestre de printemps
2024	 (voir partie 10). Les candi-
2025	dates et candidates doivent effectuer leur demande d’immatriculation 
2026	dans les délais impartis listés ci-dessous : 
2027	30 septembre 2026
2028	 pour les candidates et candidats qui d’après 
2029	la nationalité, sont soumis à un visa pour entrée en Suisse de plus 
2030	de 90 jours selon les 
2031	prescriptions de la Confédération
2033	 et indé-
2034	pendamment du domicile actuel (sauf permis de séjour en Suisse 
2035	valable au-delà du 30 novembre). 
2036	la nationalité ne sont pas soumis à un visa pour entrée en Suisse 
2037	de plus de 90 jours selon les 
2041	Pour les doctorats 
2042	En général, les inscriptions en doctorat sont possibles toute l’année. Se 
2043	renseigner auprès de la faculté visée pour prendre connaissance des par-
2044	ticularités facultaires (p. ex. la Faculté d’économie et de management 
2045	peut avoir des 
2046	délais spécifiques selon le doctorat visé
2049	Pour les certificats de spécialisation 
2051	28 février 2026 :
2052	 Demande d'immatriculation de tout-e candidat-
2053	e qui, d'après sa nationalité, est soumis-e à un visa pour entrée 
2054	prescriptions de la Con-
2055	fédération
2057	 et indépendamment du domicile actuel (sauf permis 
2058	de séjour en Suisse valable au-delà du 30 avril auquel cas le délai 
2059	du 30 avril s’applique). 
2060	30 avril 2026 : 
2061	Demande d'immatriculation de tout candidat-e qui, 
2062	d'après sa nationalité, n'est pas soumis- e à un visa pour entrée 
2064	, ou qui est titulaire d’un permis de séjour en Suisse 
2065	valable au-delà du 30 avril.
2066	Institut universitaire de formation des enseignant-es 
2067	Du 
2068	6 octobre au 3 novembre 2025
2069	 pour 
2070	déposer la demande 
2071	d’immatriculation
2072	 (voir partie 5) pour le 
2073	Certificat de spécialisa-
2074	tion en didactique d’une discipline supplémentaire d’ensei-
2075	gnement
2076	la nationalité, sont soumis-es à un visa pour entrée en Suisse de 
2077	plus de 90 jours selon les 
2079	indépendamment du domicile actuel (sauf permis de séjour en 
2080	Suisse valable au-delà du 30 novembre). 
2081	 d’après la nationalité ne sont pas soumis-es 
2082	à un visa pour entrée en Suisse de plus de 90 jours selon les 
2086	Faculté des sciences  
2087	15 septembre 2026
2088	 pour l’inscription au 
2089	Certificat de spéciali-
2090	sation en évaluation et gestion des risques géologiques et 
2091	risques liés au climat – CERG-C
2092	auprès de la Faculté
2095	Pour les maîtrises universitaires d’études avancées 
2098	en Suisse de plus de 90 jours selon 
2099	les prescriptions de la Con-
2102	dates et candidats doivent effectuer leur demande d’immatriculation dans 
2103	les délais impartis listés ci-dessous : 
2107	Les postulations pour la 
2108	Maîtrise universitaire d’études avan-
2109	cées en médecine clinique
2110	 et la 
2111	Maîtrise universitaire 
2112	d’études avancées en médecine dentaire sont possibles 
2113	toute l’année
2116	Exigences de français 
2117	Pour étudier à l’UNIGE, de bonnes compétences en français (niveau B2 
2118	du 
2119	Cadre européen commun de référence pour les langues – CECR
2122	sont en principes exigées, sauf exceptions précisées dans ce document. 
2123	La candidate ou le candidat ne possédant pas ces compétences ou 
2124	n’étant pas en mesure d’en certifier l’existence est convoqué-e à un exa-
2125	men de français organisé par l’UNIGE ; il/elle est informé-e après analyse 
2126	de sa demande d’immatriculation. Cet examen consiste en une épreuve 
2127	générale. Pour une postulation à la Faculté des lettres (y compris l’École 
2128	de langue et civilisation françaises – ELCF) il/elle est en plus soumis-e à 
2129	une épreuve complémentaire écrite obligatoire. 
2130	Il est vivement conseillé au/à la candidat-e de passer dans son pays de 
2131	résidence un des diplômes de langue française reconnus (voir ci-des-
2132	sous) qui le/la dispense de l’épreuve générale de l’examen de français de 
2133	l’UNIGE. 
2135	Convocation à l’examen 
2136	Le/la candidat-e soumis-e à l’examen de français en est informé-e, après 
2137	analyse de son dossier, par le biais du portail candidatures. Lui seront 
2138	alors indiqués la date, l'heure, le lieu et les informations pour le paiement 
2139	de l'examen. 
2140	Celui ou celle qui souhaite être dispensé-e de l'épreuve générale doit té-
2141	léverser sur le portail candidatures, 
2142	inscription.unige.ch
2143	, une copie de son 
2144	diplôme (ou attestation de réussite) de langue française dans le délai in-
2145	diqué. 
2147	Dates de l’examen 
2148	Pour le semestre d’automne : l’examen de français a lieu le lundi de la 
2149	ème
2150	 semaine de l'année. 
2152	Pour le semestre de printemps : l’examen de français a lieu le jeudi de la 
2153	 semaine de l'année 
2155	Frais d’inscription 
2156	Les frais d’inscriptions s’élèvent à CHF 100 et sont à payer selon les mo-
2157	dalités indiquées dans la plateforme de candidature. 
2159	Durée structure et modèles d’examens 
2160	Des modèles d’examens de français peuvent être consultés 
2161	en ligne
2164	Résultats  
2165	Les résultats sont annoncés sur le portail candidatures quelques jours 
2166	après l’examen. Un e-mail informe le/la candidat-e dès qu’ils sont dispo-
2167	nibles. 
2168	La réussite de l’examen de français est valable 4 ans. En cas d’échec à 
2169	l’examen (y compris admission à l’Année propédeutique ou au DEFLE – 
2170	parcours A), l’examen devra être repassé. 
2172	En cas d’échec à l’examen à valeur éliminatoire  
2173	Tout-e candidat-e qui échoue de peu à l'épreuve générale se voit offrir, 
2174	dans la mesure des places disponibles, la possibilité de suivre l’Année 
2175	propédeutique (AP) de l’ELCF. Attention : l’éventuelle admission à l’AP 
2176	n’est possible qu’au semestre d’automne ; en cas d’échec à l’examen au 
2177	semestre de printemps, le/la candidat-e devra réactiver sa candidature 
2178	dans les délais pour le semestre d’automne, si désiré. En cas d’échec de 
2179	l’épreuve complémentaire pour une postulation en Faculté des lettres et 
2180	ELCF (mais réussite de l’épreuve générale ou obtention d’une certification 
2181	B2 antérieure reconnue), le/la candidat-e a la possibilité d’améliorer son 
2182	niveau de langue au DEFLE parcours restreint, dont la réussite lui per-
2183	mettra de rejoindre ultérieurement la formation de son choix. Les 
2186	candidates et candidats n’ayant pas atteint le niveau requis pour l’Année 
2187	propédeutique ne sont pas immatriculables à l’UNIGE. 
2189	En cas d’échec à l’examen à valeur indicative 
2190	Pour les 
2191	Compléments d’études au niveau du Baccalauréat universi-
2192	taire ès lettres
2193	 et les 
2194	Maîtrises universitaires ès lettres en allemand, 
2195	anglais, espagnol, italien et russe
2197	Tout-e candidat-e qui obtient un résultat insuffisant à l’examen peut com-
2198	mencer normalement ses études à l’UNIGE, mais est limité-e au pro-
2199	gramme postulé, sans changement d’orientation possible. De plus, il/elle 
2200	devra fréquenter, au cours de sa première année d’études, un enseigne-
2201	ment de français correspondant à son niveau à hauteur de deux heures 
2202	par semaine au minimum. Cette fréquentation, liée à un travail régulier, 
2203	est sanctionnée par une attestation de la Maison des langues. Si le/la 
2204	candidat-e souhaite postuler une autre formation,  
2205	Baccalauréat universitaire en économie et management
2207	mencer normalement ses études à la Faculté d’économie et de manage-
2208	ment, mais est limité-e au programme postulé, sans changement d’orien-
2209	tation possible, s’il ou elle est titulaire : 
2210	d’un diplôme de fin d’études secondaires supérieur ou d’un pre-
2211	mier titre universitaire (minimum 180 crédits ECTS ou équivalent) 
2212	dont la langue officielle est l’anglais ; ou 
2213	d’un 
2214	certificat de test de langue anglaise reconnu
2216	Pour que le certificat d’anglais puisse être pris en compte par la Faculté, 
2217	une copie dudit certificat doit être fournie lors de la candidature. 
2219	Dispense de l’examen de français 
2220	Sont dispensés de l’examen de français les candidates et candidats : 
2222	qui sont de nationalité suisse ou liechtensteinoise ; 
2223	qui sont titulaires d’un diplôme de fin d’études secondaires supé-
2224	rieures suisse ou liechtensteinois remplissant les conditions d’im-
2225	matriculation de l’UNIGE ; 
2226	rieures dont la langue officielle d’enseignement est le français ; 
2227	qui sont titulaires d’un 1
2228	université et un programme reconnus 
2229	(voir partie 9.3) et dont la 
2230	langue officielle d’enseignement est le français 
2231	qui sont titulaires d’une attestation de réussite d'une filière prépa-
2232	ratoire : 
2233	Année propédeutique ou Diplôme d'études de français 
2234	langue étrangère de l’École de langue et civilisation fran-
2235	çaises (ELCF) de l’UNIGE ; 
2236	Certificat ou Diplôme de l’Institut de langue et de civilisa-
2237	tion françaises de l’Université de Neuchâtel ; 
2238	qui sont titulaires d’un diplôme : 
2239	Certificat de français langue étrangère B2-C1 de l’Univer-
2240	sité de Genève  
2241	Certificat de qualification en français (CQF) de l'Univer-
2242	sité de Lausanne (UNIL), avec au minimum le niveau B2 
2243	qui sont soumis-es à l’examen de français dans le cadre de l’Exa-
2244	men complémentaire des universités suisses – ECUS ; 
2245	à l’admission en Faculté de traduction et d’interprétation (FTI) s’ils 
2246	ou elles : 
2247	ont réussi l’épreuve de français (langue passive) des exa-
2248	mens d’admissions spécifiques de la FTI ; ou 
2249	ont été dispensé-es de l’examen d’admission pour l’ac-
2250	cès à la Maîtrise universitaire en traduction, pour autant 
2251	que le français fasse partie de sa combinaison linguis-
2252	tique. 
2253	à un certificat complémentaire, si le programme n’exige pas l’exa-
2254	men ; 
2255	à une maîtrise universitaire, si le programme n’exige pas l’exa-
2257	à un certificat de spécialisation, si le programme n’exige pas 
2258	l’examen ; 
2259	à une maîtrise universitaire d’études avancées (MAS) de forma-
2260	tion approfondie ; 
2261	à un doctorat ; 
2262	sont titulaires d’un des certificats de langue suivants
2264	DELF (Diplôme d’études de langue française) niveau 
2265	B2, avec un minimum de 60 points, dont 15 points à la 
2266	production écrite ; 
2267	DALF (Diplôme approfondi de langue française) niveau 
2268	C1 ou C2, avec un minimum de 60 points, dont 15 points 
2269	à la production écrite ; 
2270	TCF avec au minimum le niveau B2 aux épreuves obliga-
2271	toires et aux épreuves facultatives (complémentaires) ; 
2272	TCF DAP avec au minimum le niveau B2 aux épreuves 
2273	obligatoires et à l’épreuve d’expression écrite (cette 
2274	épreuve est obligatoire) 
2275	TEF (Test d’évaluation du françai, version tout public ou 
2276	études) avec au minimum le niveau B2 délivré par la 
2277	CCIP/Alliance française ; 
2278	Les candidates et candidats titulaires d’un certificat de langue reconnu ne 
2279	peuvent être dispensé-es que de l’épreuve générale. Aucune dispense 
2280	n’est accordée pour l’épreuve complémentaire, qui reste exigée pour la 
2281	Faculté des lettres, y compris l’ELCF. 
2282	Aucun diplôme de langue reconnu (voir point 8.8) fourni après la passa-
2283	tion de l’examen de français ne sera pris en compte et ce même s’il est 
2284	reconnu. 
2285	Les candidates et candidats au 
2286	Diplôme d’études de français langue 
2287	étrangère (DEFLE)
2288	 qui ont été dispensé-es de l’examen de français sur 
2289	la base de leur nationalité ou d’un diplôme de fin d’études secondaires 
2290	 Le diplôme doit avoir été obtenu dans les 4 ans précédant la rentrée universitaire postulée (=lundi de la semaine 8 pour le semestre de printemps ou le lundi de la semaine 38 pour le semestre d’automne). 
2291	supérieures suisse ou liechtensteinois dont la langue d’enseignement of-
2292	ficielle n’est pas le français doivent passer un test de classement à valeur 
2293	indicative (gratuit). 
2295	Formations qui ne requièrent pas d’exigence de français 
2296	Les candidates et candidats aux formations listées ci-dessous ne sont pas 
2297	sousmis-es à l’examen de français. En cas d’admission au programme 
2298	postulé, ils ou elles pourront commencer leurs études dans la formation 
2299	visée, sans changement d’orientation possible. Pour les doctorats et les 
2300	maîtrises universitaires d’études avancées (MAS) de formation approfon-
2301	die, le niveau d’exigence demandé est à vérifier auprès de la fa-
2302	culté/centre/institut. 
2304	Toutes les maîtrises universitaires proposées par cette faculté 
2305	Certificat de spécialisation en évaluation et gestion des risques 
2306	géologiques et risques liés au climat (CERG-C) 
2309	Faculté des lettres  
2310	Tous les certificats de spécialisations proposés par cette faculté. 
2313	Maîtrise universitaire en économie politique du capitalisme 
2314	Maîtrise universitaire en innovation, développement humain et 
2315	durabilité (MIHDS) 
2316	Maîtrise universitaire en science politique 
2317	Maîtrise universitaire en sociétés durables et changement social 
2318	Certificat complémentaire en géomatique 
2320	Certificat complémentaire en statistique appliquée 
2322	Certificat complémentaire d’études œcuméniques 
2323	MAS en études œcuméniques 
2324	Tous les certificats de spécialisations proposés par cette faculté 
2326	Faculté de psychologie et des sciences de l’éducation 
2328	Maîtrise universitaire en santé globale 
2329	Maîtrise universitaire en études globales 
2331	Institut universitaire de la formation des enseignant-es 
2332	Maîtrise universitaire disciplinaire en enseignement secondaire 
2333	Maîtrise universitaire bi-disciplinaire en enseignement secondaire 
2334	Certificat de spécialisation en didactique d’une discipline supplé-
2335	mentaire d’enseignements (CSDS) 
2337	Maîtrise universitaire en sciences de l’environnement 
2340	Définitions / Explications  
2342	Définition du caractère de formation générale  
2343	De manière générale, le certificat étranger d’études secondaires supé-
2344	rieures doit être l’équivalent, pour l’essentiel, en branches, en heures et 
2345	en durée de l’éducation scolaire, à une maturité gymnasiale/fédérale 
2346	suisse. Pour déterminer cette équivalence, l’UNIGE se base notamment 
2347	sur la Convention du Conseil de l’Europe de l’UNESCO, n° 165 (« Con-
2348	vention de Lisbonne »), les Recommandations pour l’évaluation des cer-
2349	tificats de fin d’études secondaires étrangers, ainsi que sur les travaux de 
2350	la Commission d’admission et d’équivalences de 
2351	 (an-
2352	ciennement CRUS). 
2353	Ainsi, le diplôme étranger doit : 
2354	d’études secondaires ou gymnasiales ; 
2355	avoir été acquis au cours d’une formation non abrégée, en géné-
2356	ral accomplie au sein d’une école ; 
2357	avoir été délivré par l’État ou, éventuellement, par une institution 
2358	reconnue par l’État qui l’a autorisée à délivrer ce type de diplôme ; 
2359	avoir un caractère de formation générale. 
2360	Un diplôme d’études secondaires supérieures est considéré de formation 
2361	générale s’il porte sur six branches d’enseignement suivies, en principe, 
2362	durant chacune des trois (ou quatre selon pays
2364	) dernières années 
2365	d’études secondaires supérieures selon la liste suivante : 
2366	 Concerne : Haïti, Islande, Italie, Luxembourg, Macédoine du Nord, Monténégro, République tchèque, Saint-Marin, Slovaquie, Slovénie, Tunisie et Québec 
2367	1. première langue ; 
2368	2. deuxième langue ; 
2369	3. mathématiques ; 
2370	4. sciences naturelles (biologie, chimie ou physique) 
2371	5. sciences humaines et sociales (géographie, histoire, écono-
2372	mie/droit) 
2373	6. choix libre : une branche parmi les branches 2, 4 ou 5, ou l’infor-
2374	matique, ou la philosophie (l’informatique et la philosophie peu-
2375	vent être uniquement choisies comme 6
2376	 branche). 
2377	Dans certains cas, afin de garantir une meilleure équivalence, l’UNIGE 
2378	peut fixer des exigences complémentaires, en plus de l’obtention du di-
2379	plôme, d’une filière spécifique du diplôme, ou de caractère de formation 
2380	générale du diplôme. Ces exigences peuvent être : 
2381	l’obtention d’une moyenne spécifique et/ou d’une mention. Si le 
2382	dernières années d’études secondaires supérieures ; 
2383	l’obtention d’une attestation d’admission, dans la filière visée, 
2384	université et un programme reconnue par l’UNIGE
2385	tie 9.5) dans le pays de délivrance du titre secondaire. Seul une 
2386	attestation avec une admission pour la même année de postula-
2387	tion qu’à l’UNIGE est acceptée. Une attestation pour des études 
2388	à distance ne peut pas être prise en compte ; 
2389	la réussite de deux années d’études universitaires (
2390	voir partie 
2391	) dans une université et un programme reconnus par 
2392	l’UNIGE dans un pays ayant signé ou ratifié la Convention de Lis-
2393	bonne ; 
2394	la réussite de l’
2395	Examen complémentaire des universités suisses 
2396	– ECUS
2397	examen de français
2398	 organisé par l’UNIGE (voir 
2400	De surcroît, il pourra être demandé au/à la candidat-e étranger-ère d’apporter le preuve qu’il/elle n’a pas été renvoyé-e d’une autre université ou haute école à la suite d’un échec aux examens ou pour toute autre raison. Dans tous les cas, il appartient au/à la candidat-e de fournir la preuve qu’il/elle remplit les conditions d’immatriculation de l’UNIGE. 
2403	Examen complémentaire des hautes écoles suisses – ECUS 
2404	L’Examen complémentaire des hautes écoles suisses – ECUS concerne 
2405	le/la candidat-e postulant un baccalauréat universitaire (bachelor) ou le 
2406	Diplôme d’études de français langue étrangère (DEFLE) et titulaire d’un 
2407	diplôme d’études secondaires supérieures qui n’est pas reconnu par 
2408	l’UNIGE comme équivalent à un diplôme de maturité suisse. Cet examen 
2409	est organisé en commun par les hautes écoles suisses. 
2410	La réussite de l’ECUS conditionne l’entrée à l’UNIGE. Un deuxième échec 
2411	est éliminatoire. 
2412	Convocation à l’ECUS 
2413	Le/la candidat-e qui y est soumis-e en est informé-e par e-mail, après 
2414	l’analyse de sa demande d’immatriculation. Il/elle reçoit un lien vers une 
2415	page internet sur laquelle figure un formulaire à télécharger, à remplir et 
2416	à retourner au Service des immatriculations via le portail Candidatures 
2417	uniquement. 
2418	Frais d’inscription  
2419	Les frais d’inscription s’élèvent, pour l’année 2026-2027, à CHF 1050. 
2420	Dates d’examen 
2421	Pour le semestre d’automne, les examens ont lieu en août 2026. 
2422	Pour le semestre de printemps, il n’y a pas de session d’examen pour ce 
2423	semestre. 
2424	Contenu 
2425	L’ECUS comprend quatre branches obligatoires : 
2426	français (écrit et oral) ; 
2427	mathématiques (écrit et oral) ; 
2428	anglais (écrit et oral) ; 
2429	histoire – dont introduction au droit (oral) ; 
2430	et une branche à option parmi les suivantes : 
2431	physique (oral) ; 
2432	chimie (oral) ; 
2433	biologie (oral) ; 
2434	géographie – dont introduction à l’économie (oral). 
2435	Pour les candidates et candidats en Faculté des sciences et en Faculté 
2436	de médecine, la branche à option est à choisir parmi la physique, la chimie 
2437	ou la biologie. Aucune dispense de branche n’est autorisée. Les candi-
2438	dates et candidats postulant les autres facultés/centre/école qui ont choisi 
2439	une autre branche à option seront, le cas échéant, admis-es sans chan-
2440	gement d’orientation possible.   
2441	Pour plus d’information, consulter le site de l’ECUS : 
2443	edu.ch/fr_CH
2446	Universités et programmes reconnus 
2448	Établissement d’enseignement supérieur reconnus par l’UNIGE : 
2449	hautes écoles suisses reconnues ou accréditées
2450	les établissements publics d’enseignement supérieur qui ont le 
2451	statut d’universités et qui délivrent des grades académiques al-
2452	lant, en principe, jusqu’au doctorat ; 
2453	des instituts, écoles et académies rattachées juridiquement à une 
2454	université publique et dont le grade académique obtenu est déli-
2455	vré par ladite université publique ; 
2456	les établissements privés d’enseignement supérieur avec les-
2457	quels l’UNIGE a signé un 
2458	accord institutionnel de mobilité
2460	Les établissements d’enseignement supérieur privés et/ou 
2461	n’ayant pas le statut d’université s’ils répondent, en principe, à 
2462	tous les critères suivants : 
2463	1. ils entretiennent des accords institutionnels de mobilité 
2464	avec plusieurs universités tierces entretenant elles-
2465	mêmes des accords directs de mobilité avec l’UNIGE (fi-
2466	gurant dans le panorama mentionné ci-dessus) ; et 
2467	2. ils dispensent des formations dans plusieurs domaines, 
2468	notamment dans le domaine scientifique et/ou médical ; 
2469	et 
2470	3. ils délivrent des grades académiques allant, en principe, 
2471	jusqu’au doctorat ; et 
2472	4. ils sont mentionnés dans les ouvrages de référence lar-
2473	gement utilisés par les milieux académiques dont le 
2474	World Higher Education Database
2475	United Kingdom Re-
2476	cognition Information Centre 
2477	Anabin
2478	 ; et 
2479	5. ils sont reconnus et accrédités comme établissements 
2480	d’enseignement supérieur par les instances officielles 
2481	compétentes en matière d’accréditation dans le pays 
2482	concerné. 
2484	Programmes d’établissement d’enseignement supérieur recon-
2485	nus par l’UNIGE : 
2486	le diplôme est délivré par un établissement d’enseignement su-
2487	périeur reconnu (cf. ci-dessus) ; et 
2488	il sanctionne un premier grade universitaire dont la durée prévue 
2489	est de 3 ans minimum (au moins 180 crédits ECTS ou équiva-
2490	lent) ; et 
2491	le programme est comparable, en termes de contenu et d’exi-
2492	gences, à ceux proposés dans une haute école suisse
2494	 (univer-
2495	sités, EPF) ; et 
2496	en principe, au minimum 90 crédits ECTS (ou jugés équivalents) 
2497	ont été obtenus par des activités d’enseignement et d’apprentis-
2498	sage du plan d’études du programme. Les règlements d’études 
2499	de l’UNIGE peuvent prévoir des conditions plus restrictives ; et 
2500	la moitié au moins des prestations nécessaires à l’obtention du 
2501	diplôme doit avoir été accomplie auprès de l’institution décernant 
2502	le diplôme ; et 
2503	il est reconnu et accrédité par les instances officielles compé-
2504	tentes en matière d’accréditation dans le pays concerné, le cas 
2505	échéant. 
2507	 puis panorama 
2511	Titres non reconnus 
2513	Diplômes secondaires 
2514	Les diplômes secondaires suivants ne sont pas reconnus par l’UNIGE : 
2515	s’ils sont de type professionnel, pédagogique, commercial, tech-
2516	nique ou d'enseignement ; 
2517	s’ils présentent une différence substantielle avec la maturité gym-
2518	nasiale/fédérale suisse et/ou qui a été obtenu en suivant un cur-
2519	sus ne permettant pas de vérifier le caractère de formation géné-
2520	rale exigée par nos conditions. 
2521	Les conditions ci-dessus s’appliquent même si le diplôme pourrait, dans 
2522	le pays qui le délivre, donner accès à une formation universitaire. 
2524	Diplômes/examens/formations post-secondaires (ou assimilés) : 
2525	Ne sont pas reconnus par l’UNIGE : 
2526	les examens préalables d’admission d’une université (ou institu-
2527	tion de niveau équivalent) ; et 
2528	tout diplôme ou formation post-secondaire ne pouvant être consi-
2529	déré-e comme équivalent-e ou similaire à un diplôme ou à une 
2530	formation dispensé-e par une université suisse en raison de dif-
2531	férences substantielles constatées dans le contenu et/ou la ma-
2532	nière d’obtention. 
2535	Attestation d’admission  
2536	Lorsqu'une attestation d'admission dans la filière visée à l'UNIGE est re-
2537	quise, il s'agit d'obtenir une attestation d'une place d'études dans une uni-
2538	versité (reconnue par l'UNIGE) dans le pays où le titre secondaire supé-
2539	rieur a été obtenu. Seule une attestation avec une admission pour la 
2540	même année de postulation qu'à l'UNIGE est acceptée. L'attestation pour 
2541	des études à distance ne peut pas être prise en compte. 
2542	Ex. Un-e candidat-e qui postule un Baccalauréat universitaire en 
2543	mathématiques
2544	devra fournir, si l'attestation d'admission lui est 
2545	demandée, une attestation d'admission dans un Baccalauréat 
2546	universitaire en 
2547	d'une université reconnue par 
2548	l'UNIGE dans le pays dans lequel il a obtenu son titre secondaire 
2549	supérieur. 
2550	En cas de candidature dans plusieurs programmes, autant d’attestations 
2551	d’admission dans la filière visée à l’UNIGE, d’une université et d'un pro-
2552	gramme reconnus par l’UNIGE dans le pays où le titre secondaire a été 
2553	obtenu, sont requises. 
2555	Particularités facultaires 
2556	Baccalauréat universitaire en communication multilingue
2557	(Faculté de traduction et interprétation) : cette attestation n'est pas requise 
2558	sauf dans les cas où, selon les conditions d'immatriculation, elle remplace 
2559	une moyenne non obtenue (ex. Allemagne). 
2560	Pour les baccalauréats universitaires suivants, des disciplines proches de 
2561	celles du baccalauréat universitaire postulé sont acceptées : 
2562	Baccalauréat universitaire en théologie 
2563	(Faculté de 
2564	théologie) : attestation d'admission dans une filière en 
2565	théologie ou en sciences humaines. 
2566	Baccalauréat universitaire en relations internationales 
2567	(BARI)
2568	 (Global Studies Institute) : attestation d’admission 
2569	dans l'une des filières suivantes :  
2570	Relations internationales 
2571	Droit 
2572	Histoire 
2573	Science politique 
2574	Économie 
2575	Sociologie 
2576	Géographie 
2577	Note bene 
2578	: considérant le caractère interdisciplinaire de la forma-
2579	tion, une attestation d’admission dans toute autre filière 
2580	d’études/programme 
2581	reconnu-e par l'UNIGE 
2582	dans le pays où le titre 
2583	secondaire supérieur a été obtenu sera aussi acceptée. 
2585	10 Formations ouvertes au semestre de printemps 2027 
2586	Sous réserve de modification. 
2587	Nota bene
2588	 : les candidatures en doctorat, sauf exception, sont possibles 
2589	toutes l’année. 
2590	10.1 Faculté des sciences 
2591	Certificat complémentaire en informatique 
2592	Maîtrise universitaire en archéologie préhistorique 
2593	Maîtrise universitaire en biochimie 
2594	Maîtrise universitaire chimie 
2595	Maîtrise universitaire en mathématiques  
2596	Maîtrise universitaire en mathématiques, informatique et 
2597	sciences numériques 
2598	MAS en microbiologie 
2599	10.2 Faculté de médecine 
2600	Aucune formation ouverte. 
2601	10.3 Faculté des lettres 
2602	Certificat de spécialisation en humanités numériques 
2603	Certificat de spécialisation en linguistique 
2604	Maîtrise universitaire ès lettres (90 crédits ECTS) dans les disci-
2605	plines suivantes : 
2606	Études chinoises 
2607	Français langue étrangère 
2608	Histoire de l’art 
2609	Histoire générale 
2610	Histoire transnationale 
2611	Langue et littérature anglaises 
2612	Langue et littérature françaises 
2613	Langue et littérature grecques 
2614	Langue, littérature et civilisation allemandes 
2615	Langue, littérature et culture hispaniques 
2616	Littérature comparée 
2617	Musicologie 
2618	Philosophie 
2619	Études médiévales (pluridisciplinaire) 
2620	Maîtrises universitaires avec spécialisation (120 crédits ECTS) 
2621	dans les disciplines suivantes : 
2622	Études est-asiatiques 
2623	Littérature allemande 
2624	Maîtrise universitaire en ethnomusicologie 
2625	10.4 École de langue et de civilisation françaises 
2626	10.5 Faculté des sciences de la société 
2627	Certificat complémentaire en géomatique (30 crédits ECTS) 
2629	10.6 Faculté d’économie et de management 
2630	Certificat complémentaire en statistique appliquée (30 crédits 
2631	ECTS) 
2632	10.7 Faculté de droit 
2633	Maîtrises universitaire et Maîtrises universitaire bilingues (90 cré-
2634	dits ECTS) 
2635	Droit civil et pénal 
2636	Droit économique 
2637	Droit international et européen 
2638	Droit public 
2639	Certificat de spécialisation en matière d’avocature – ECAV (20 
2640	crédits ECTS) 
2641	10.8 Faculté de théologie 
2642	Baccalauréat universitaire en théologie à distance (seul-es les 
2643	candidat.es non soumis-es à l’ECUS peuvent débuter des études 
2644	au semestre de printemps. Autrement, seule une postulation au 
2645	semestre d’automne est possible) 
2646	Certificat complémentaire en théologie (30 crédits ECTS) 
2647	Certificat de spécialisation en théologie (30 crédits ECTS) 
2648	Maîtrise universitaire en théologie (conjoint avec l’UNIL) 
2649	10.9 Faculté de psychologie et des sciences de l’éducation 
2650	Certificat complémentaire en éducation spéciale (30 crédits 
2651	Certificat complémentaire en éducation, orientation généraliste 
2652	(30 crédits ECTS) 
2653	Certificat complémentaire en formation des adultes (30 crédits 
2654	Certificat complémentaire en psychologie générale (30 crédits 
2655	Maîtrise universitaire (90 crédits ECTS) 
2656	Sciences de l’éducation – analyse et intervention dans 
2657	les systèmes éducatifs 
2658	Maîtrise universitaire (120 crédits ECTS) 
2659	Science de l’éducation – formation des adultes  
2660	Sciences de l’éducation – approches psycho-éducatives 
2661	et situations de handicap 
2662	10.10 Faculté de traduction et d’interprétation 
2663	10.11 Centre interfacultaire des droits de l’enfant 
2664	10.12 Global Studies Institute 
2666	10.13 Institut universitaire de la formation des enseignant-es 
2667	Maîtrise universitaire en enseignement primaire (MAEP) 
2668	10.14 Institut des sciences de l’environnement 
2670	11 Service des immatriculations : contact 
2671	Site internet : 
2673	Téléphone : 
2674	Du lundi au vendredi entre 10h30 et 13h : 
2676	Adresse : 
2677	Université de Genève 
2678	Uni Dufour  
2679	Service des immatriculations 
2680	Rue du Général-Dufour 24 
2681	CH – 1211 Genève 4 
2682	Réception : 
2683	Point Vie de Campus 
2684	Uni Dufour – 1
2685	 étage 
2686	1204 Genève 
